[2024-11-04 12:24:47] production.ERROR: Target class [Fruitcake\Cors\HandleCors] does not exist. {"exception":"[object] (Illuminate\\Contracts\\Container\\BindingResolutionException(code: 0): Target class [Fruitcake\\Cors\\HandleCors] does not exist. at C:\\xampp\\htdocs\\worktech-master\\worktech-master\\vendor\\laravel\\framework\\src\\Illuminate\\Container\\Container.php:879)
[stacktrace]
#0 C:\\xampp\\htdocs\\worktech-master\\worktech-master\\vendor\\laravel\\framework\\src\\Illuminate\\Container\\Container.php(758): Illuminate\\Container\\Container->build('Fruitcake\\\\Cors\\\\...')
#1 C:\\xampp\\htdocs\\worktech-master\\worktech-master\\vendor\\laravel\\framework\\src\\Illuminate\\Foundation\\Application.php(851): Illuminate\\Container\\Container->resolve('Fruitcake\\\\Cors\\\\...', Array, true)
#2 C:\\xampp\\htdocs\\worktech-master\\worktech-master\\vendor\\laravel\\framework\\src\\Illuminate\\Container\\Container.php(694): Illuminate\\Foundation\\Application->resolve('Fruitcake\\\\Cors\\\\...', Array)
#3 C:\\xampp\\htdocs\\worktech-master\\worktech-master\\vendor\\laravel\\framework\\src\\Illuminate\\Foundation\\Application.php(836): Illuminate\\Container\\Container->make('Fruitcake\\\\Cors\\\\...', Array)
#4 C:\\xampp\\htdocs\\worktech-master\\worktech-master\\vendor\\laravel\\framework\\src\\Illuminate\\Pipeline\\Pipeline.php(156): Illuminate\\Foundation\\Application->make('Fruitcake\\\\Cors\\\\...')
#5 C:\\xampp\\htdocs\\worktech-master\\worktech-master\\vendor\\fideloper\\proxy\\src\\TrustProxies.php(57): Illuminate\\Pipeline\\Pipeline->Illuminate\\Pipeline\\{closure}(Object(Illuminate\\Http\\Request))
#6 C:\\xampp\\htdocs\\worktech-master\\worktech-master\\vendor\\laravel\\framework\\src\\Illuminate\\Pipeline\\Pipeline.php(167): Fideloper\\Proxy\\TrustProxies->handle(Object(Illuminate\\Http\\Request), Object(Closure))
#7 C:\\xampp\\htdocs\\worktech-master\\worktech-master\\vendor\\laravel\\framework\\src\\Illuminate\\Pipeline\\Pipeline.php(103): Illuminate\\Pipeline\\Pipeline->Illuminate\\Pipeline\\{closure}(Object(Illuminate\\Http\\Request))
#8 C:\\xampp\\htdocs\\worktech-master\\worktech-master\\vendor\\laravel\\framework\\src\\Illuminate\\Foundation\\Http\\Kernel.php(142): Illuminate\\Pipeline\\Pipeline->then(Object(Closure))
#9 C:\\xampp\\htdocs\\worktech-master\\worktech-master\\vendor\\laravel\\framework\\src\\Illuminate\\Foundation\\Http\\Kernel.php(111): Illuminate\\Foundation\\Http\\Kernel->sendRequestThroughRouter(Object(Illuminate\\Http\\Request))
#10 C:\\xampp\\htdocs\\worktech-master\\worktech-master\\public\\index.php(55): Illuminate\\Foundation\\Http\\Kernel->handle(Object(Illuminate\\Http\\Request))
#11 C:\\xampp\\htdocs\\worktech-master\\worktech-master\\server.php(21): require_once('C:\\\\xampp\\\\htdocs...')
#12 {main}

[previous exception] [object] (ReflectionException(code: -1): Class \"Fruitcake\\Cors\\HandleCors\" does not exist at C:\\xampp\\htdocs\\worktech-master\\worktech-master\\vendor\\laravel\\framework\\src\\Illuminate\\Container\\Container.php:877)
[stacktrace]
#0 C:\\xampp\\htdocs\\worktech-master\\worktech-master\\vendor\\laravel\\framework\\src\\Illuminate\\Container\\Container.php(877): ReflectionClass->__construct('Fruitcake\\\\Cors\\\\...')
#1 C:\\xampp\\htdocs\\worktech-master\\worktech-master\\vendor\\laravel\\framework\\src\\Illuminate\\Container\\Container.php(758): Illuminate\\Container\\Container->build('Fruitcake\\\\Cors\\\\...')
#2 C:\\xampp\\htdocs\\worktech-master\\worktech-master\\vendor\\laravel\\framework\\src\\Illuminate\\Foundation\\Application.php(851): Illuminate\\Container\\Container->resolve('Fruitcake\\\\Cors\\\\...', Array, true)
#3 C:\\xampp\\htdocs\\worktech-master\\worktech-master\\vendor\\laravel\\framework\\src\\Illuminate\\Container\\Container.php(694): Illuminate\\Foundation\\Application->resolve('Fruitcake\\\\Cors\\\\...', Array)
#4 C:\\xampp\\htdocs\\worktech-master\\worktech-master\\vendor\\laravel\\framework\\src\\Illuminate\\Foundation\\Application.php(836): Illuminate\\Container\\Container->make('Fruitcake\\\\Cors\\\\...', Array)
#5 C:\\xampp\\htdocs\\worktech-master\\worktech-master\\vendor\\laravel\\framework\\src\\Illuminate\\Pipeline\\Pipeline.php(156): Illuminate\\Foundation\\Application->make('Fruitcake\\\\Cors\\\\...')
#6 C:\\xampp\\htdocs\\worktech-master\\worktech-master\\vendor\\fideloper\\proxy\\src\\TrustProxies.php(57): Illuminate\\Pipeline\\Pipeline->Illuminate\\Pipeline\\{closure}(Object(Illuminate\\Http\\Request))
#7 C:\\xampp\\htdocs\\worktech-master\\worktech-master\\vendor\\laravel\\framework\\src\\Illuminate\\Pipeline\\Pipeline.php(167): Fideloper\\Proxy\\TrustProxies->handle(Object(Illuminate\\Http\\Request), Object(Closure))
#8 C:\\xampp\\htdocs\\worktech-master\\worktech-master\\vendor\\laravel\\framework\\src\\Illuminate\\Pipeline\\Pipeline.php(103): Illuminate\\Pipeline\\Pipeline->Illuminate\\Pipeline\\{closure}(Object(Illuminate\\Http\\Request))
#9 C:\\xampp\\htdocs\\worktech-master\\worktech-master\\vendor\\laravel\\framework\\src\\Illuminate\\Foundation\\Http\\Kernel.php(142): Illuminate\\Pipeline\\Pipeline->then(Object(Closure))
#10 C:\\xampp\\htdocs\\worktech-master\\worktech-master\\vendor\\laravel\\framework\\src\\Illuminate\\Foundation\\Http\\Kernel.php(111): Illuminate\\Foundation\\Http\\Kernel->sendRequestThroughRouter(Object(Illuminate\\Http\\Request))
#11 C:\\xampp\\htdocs\\worktech-master\\worktech-master\\public\\index.php(55): Illuminate\\Foundation\\Http\\Kernel->handle(Object(Illuminate\\Http\\Request))
#12 C:\\xampp\\htdocs\\worktech-master\\worktech-master\\server.php(21): require_once('C:\\\\xampp\\\\htdocs...')
#13 {main}
"} 
[2024-11-04 12:24:48] production.ERROR: Target class [Fruitcake\Cors\HandleCors] does not exist. {"exception":"[object] (Illuminate\\Contracts\\Container\\BindingResolutionException(code: 0): Target class [Fruitcake\\Cors\\HandleCors] does not exist. at C:\\xampp\\htdocs\\worktech-master\\worktech-master\\vendor\\laravel\\framework\\src\\Illuminate\\Container\\Container.php:879)
[stacktrace]
#0 C:\\xampp\\htdocs\\worktech-master\\worktech-master\\vendor\\laravel\\framework\\src\\Illuminate\\Container\\Container.php(758): Illuminate\\Container\\Container->build('Fruitcake\\\\Cors\\\\...')
#1 C:\\xampp\\htdocs\\worktech-master\\worktech-master\\vendor\\laravel\\framework\\src\\Illuminate\\Foundation\\Application.php(851): Illuminate\\Container\\Container->resolve('Fruitcake\\\\Cors\\\\...', Array, true)
#2 C:\\xampp\\htdocs\\worktech-master\\worktech-master\\vendor\\laravel\\framework\\src\\Illuminate\\Container\\Container.php(694): Illuminate\\Foundation\\Application->resolve('Fruitcake\\\\Cors\\\\...', Array)
#3 C:\\xampp\\htdocs\\worktech-master\\worktech-master\\vendor\\laravel\\framework\\src\\Illuminate\\Foundation\\Application.php(836): Illuminate\\Container\\Container->make('Fruitcake\\\\Cors\\\\...', Array)
#4 C:\\xampp\\htdocs\\worktech-master\\worktech-master\\vendor\\laravel\\framework\\src\\Illuminate\\Foundation\\Http\\Kernel.php(206): Illuminate\\Foundation\\Application->make('Fruitcake\\\\Cors\\\\...')
#5 C:\\xampp\\htdocs\\worktech-master\\worktech-master\\vendor\\laravel\\framework\\src\\Illuminate\\Foundation\\Http\\Kernel.php(180): Illuminate\\Foundation\\Http\\Kernel->terminateMiddleware(Object(Illuminate\\Http\\Request), Object(Illuminate\\Http\\Response))
#6 C:\\xampp\\htdocs\\worktech-master\\worktech-master\\public\\index.php(60): Illuminate\\Foundation\\Http\\Kernel->terminate(Object(Illuminate\\Http\\Request), Object(Illuminate\\Http\\Response))
#7 C:\\xampp\\htdocs\\worktech-master\\worktech-master\\server.php(21): require_once('C:\\\\xampp\\\\htdocs...')
#8 {main}

[previous exception] [object] (ReflectionException(code: -1): Class \"Fruitcake\\Cors\\HandleCors\" does not exist at C:\\xampp\\htdocs\\worktech-master\\worktech-master\\vendor\\laravel\\framework\\src\\Illuminate\\Container\\Container.php:877)
[stacktrace]
#0 C:\\xampp\\htdocs\\worktech-master\\worktech-master\\vendor\\laravel\\framework\\src\\Illuminate\\Container\\Container.php(877): ReflectionClass->__construct('Fruitcake\\\\Cors\\\\...')
#1 C:\\xampp\\htdocs\\worktech-master\\worktech-master\\vendor\\laravel\\framework\\src\\Illuminate\\Container\\Container.php(758): Illuminate\\Container\\Container->build('Fruitcake\\\\Cors\\\\...')
#2 C:\\xampp\\htdocs\\worktech-master\\worktech-master\\vendor\\laravel\\framework\\src\\Illuminate\\Foundation\\Application.php(851): Illuminate\\Container\\Container->resolve('Fruitcake\\\\Cors\\\\...', Array, true)
#3 C:\\xampp\\htdocs\\worktech-master\\worktech-master\\vendor\\laravel\\framework\\src\\Illuminate\\Container\\Container.php(694): Illuminate\\Foundation\\Application->resolve('Fruitcake\\\\Cors\\\\...', Array)
#4 C:\\xampp\\htdocs\\worktech-master\\worktech-master\\vendor\\laravel\\framework\\src\\Illuminate\\Foundation\\Application.php(836): Illuminate\\Container\\Container->make('Fruitcake\\\\Cors\\\\...', Array)
#5 C:\\xampp\\htdocs\\worktech-master\\worktech-master\\vendor\\laravel\\framework\\src\\Illuminate\\Foundation\\Http\\Kernel.php(206): Illuminate\\Foundation\\Application->make('Fruitcake\\\\Cors\\\\...')
#6 C:\\xampp\\htdocs\\worktech-master\\worktech-master\\vendor\\laravel\\framework\\src\\Illuminate\\Foundation\\Http\\Kernel.php(180): Illuminate\\Foundation\\Http\\Kernel->terminateMiddleware(Object(Illuminate\\Http\\Request), Object(Illuminate\\Http\\Response))
#7 C:\\xampp\\htdocs\\worktech-master\\worktech-master\\public\\index.php(60): Illuminate\\Foundation\\Http\\Kernel->terminate(Object(Illuminate\\Http\\Request), Object(Illuminate\\Http\\Response))
#8 C:\\xampp\\htdocs\\worktech-master\\worktech-master\\server.php(21): require_once('C:\\\\xampp\\\\htdocs...')
#9 {main}
"} 
[2024-11-04 12:25:10] production.ERROR: Target class [Fruitcake\Cors\HandleCors] does not exist. {"exception":"[object] (Illuminate\\Contracts\\Container\\BindingResolutionException(code: 0): Target class [Fruitcake\\Cors\\HandleCors] does not exist. at C:\\xampp\\htdocs\\worktech-master\\worktech-master\\vendor\\laravel\\framework\\src\\Illuminate\\Container\\Container.php:879)
[stacktrace]
#0 C:\\xampp\\htdocs\\worktech-master\\worktech-master\\vendor\\laravel\\framework\\src\\Illuminate\\Container\\Container.php(758): Illuminate\\Container\\Container->build('Fruitcake\\\\Cors\\\\...')
#1 C:\\xampp\\htdocs\\worktech-master\\worktech-master\\vendor\\laravel\\framework\\src\\Illuminate\\Foundation\\Application.php(851): Illuminate\\Container\\Container->resolve('Fruitcake\\\\Cors\\\\...', Array, true)
#2 C:\\xampp\\htdocs\\worktech-master\\worktech-master\\vendor\\laravel\\framework\\src\\Illuminate\\Container\\Container.php(694): Illuminate\\Foundation\\Application->resolve('Fruitcake\\\\Cors\\\\...', Array)
#3 C:\\xampp\\htdocs\\worktech-master\\worktech-master\\vendor\\laravel\\framework\\src\\Illuminate\\Foundation\\Application.php(836): Illuminate\\Container\\Container->make('Fruitcake\\\\Cors\\\\...', Array)
#4 C:\\xampp\\htdocs\\worktech-master\\worktech-master\\vendor\\laravel\\framework\\src\\Illuminate\\Pipeline\\Pipeline.php(156): Illuminate\\Foundation\\Application->make('Fruitcake\\\\Cors\\\\...')
#5 C:\\xampp\\htdocs\\worktech-master\\worktech-master\\vendor\\fideloper\\proxy\\src\\TrustProxies.php(57): Illuminate\\Pipeline\\Pipeline->Illuminate\\Pipeline\\{closure}(Object(Illuminate\\Http\\Request))
#6 C:\\xampp\\htdocs\\worktech-master\\worktech-master\\vendor\\laravel\\framework\\src\\Illuminate\\Pipeline\\Pipeline.php(167): Fideloper\\Proxy\\TrustProxies->handle(Object(Illuminate\\Http\\Request), Object(Closure))
#7 C:\\xampp\\htdocs\\worktech-master\\worktech-master\\vendor\\laravel\\framework\\src\\Illuminate\\Pipeline\\Pipeline.php(103): Illuminate\\Pipeline\\Pipeline->Illuminate\\Pipeline\\{closure}(Object(Illuminate\\Http\\Request))
#8 C:\\xampp\\htdocs\\worktech-master\\worktech-master\\vendor\\laravel\\framework\\src\\Illuminate\\Foundation\\Http\\Kernel.php(142): Illuminate\\Pipeline\\Pipeline->then(Object(Closure))
#9 C:\\xampp\\htdocs\\worktech-master\\worktech-master\\vendor\\laravel\\framework\\src\\Illuminate\\Foundation\\Http\\Kernel.php(111): Illuminate\\Foundation\\Http\\Kernel->sendRequestThroughRouter(Object(Illuminate\\Http\\Request))
#10 C:\\xampp\\htdocs\\worktech-master\\worktech-master\\public\\index.php(55): Illuminate\\Foundation\\Http\\Kernel->handle(Object(Illuminate\\Http\\Request))
#11 C:\\xampp\\htdocs\\worktech-master\\worktech-master\\server.php(21): require_once('C:\\\\xampp\\\\htdocs...')
#12 {main}

[previous exception] [object] (ReflectionException(code: -1): Class \"Fruitcake\\Cors\\HandleCors\" does not exist at C:\\xampp\\htdocs\\worktech-master\\worktech-master\\vendor\\laravel\\framework\\src\\Illuminate\\Container\\Container.php:877)
[stacktrace]
#0 C:\\xampp\\htdocs\\worktech-master\\worktech-master\\vendor\\laravel\\framework\\src\\Illuminate\\Container\\Container.php(877): ReflectionClass->__construct('Fruitcake\\\\Cors\\\\...')
#1 C:\\xampp\\htdocs\\worktech-master\\worktech-master\\vendor\\laravel\\framework\\src\\Illuminate\\Container\\Container.php(758): Illuminate\\Container\\Container->build('Fruitcake\\\\Cors\\\\...')
#2 C:\\xampp\\htdocs\\worktech-master\\worktech-master\\vendor\\laravel\\framework\\src\\Illuminate\\Foundation\\Application.php(851): Illuminate\\Container\\Container->resolve('Fruitcake\\\\Cors\\\\...', Array, true)
#3 C:\\xampp\\htdocs\\worktech-master\\worktech-master\\vendor\\laravel\\framework\\src\\Illuminate\\Container\\Container.php(694): Illuminate\\Foundation\\Application->resolve('Fruitcake\\\\Cors\\\\...', Array)
#4 C:\\xampp\\htdocs\\worktech-master\\worktech-master\\vendor\\laravel\\framework\\src\\Illuminate\\Foundation\\Application.php(836): Illuminate\\Container\\Container->make('Fruitcake\\\\Cors\\\\...', Array)
#5 C:\\xampp\\htdocs\\worktech-master\\worktech-master\\vendor\\laravel\\framework\\src\\Illuminate\\Pipeline\\Pipeline.php(156): Illuminate\\Foundation\\Application->make('Fruitcake\\\\Cors\\\\...')
#6 C:\\xampp\\htdocs\\worktech-master\\worktech-master\\vendor\\fideloper\\proxy\\src\\TrustProxies.php(57): Illuminate\\Pipeline\\Pipeline->Illuminate\\Pipeline\\{closure}(Object(Illuminate\\Http\\Request))
#7 C:\\xampp\\htdocs\\worktech-master\\worktech-master\\vendor\\laravel\\framework\\src\\Illuminate\\Pipeline\\Pipeline.php(167): Fideloper\\Proxy\\TrustProxies->handle(Object(Illuminate\\Http\\Request), Object(Closure))
#8 C:\\xampp\\htdocs\\worktech-master\\worktech-master\\vendor\\laravel\\framework\\src\\Illuminate\\Pipeline\\Pipeline.php(103): Illuminate\\Pipeline\\Pipeline->Illuminate\\Pipeline\\{closure}(Object(Illuminate\\Http\\Request))
#9 C:\\xampp\\htdocs\\worktech-master\\worktech-master\\vendor\\laravel\\framework\\src\\Illuminate\\Foundation\\Http\\Kernel.php(142): Illuminate\\Pipeline\\Pipeline->then(Object(Closure))
#10 C:\\xampp\\htdocs\\worktech-master\\worktech-master\\vendor\\laravel\\framework\\src\\Illuminate\\Foundation\\Http\\Kernel.php(111): Illuminate\\Foundation\\Http\\Kernel->sendRequestThroughRouter(Object(Illuminate\\Http\\Request))
#11 C:\\xampp\\htdocs\\worktech-master\\worktech-master\\public\\index.php(55): Illuminate\\Foundation\\Http\\Kernel->handle(Object(Illuminate\\Http\\Request))
#12 C:\\xampp\\htdocs\\worktech-master\\worktech-master\\server.php(21): require_once('C:\\\\xampp\\\\htdocs...')
#13 {main}
"} 
[2024-11-04 12:25:10] production.ERROR: Target class [Fruitcake\Cors\HandleCors] does not exist. {"exception":"[object] (Illuminate\\Contracts\\Container\\BindingResolutionException(code: 0): Target class [Fruitcake\\Cors\\HandleCors] does not exist. at C:\\xampp\\htdocs\\worktech-master\\worktech-master\\vendor\\laravel\\framework\\src\\Illuminate\\Container\\Container.php:879)
[stacktrace]
#0 C:\\xampp\\htdocs\\worktech-master\\worktech-master\\vendor\\laravel\\framework\\src\\Illuminate\\Container\\Container.php(758): Illuminate\\Container\\Container->build('Fruitcake\\\\Cors\\\\...')
#1 C:\\xampp\\htdocs\\worktech-master\\worktech-master\\vendor\\laravel\\framework\\src\\Illuminate\\Foundation\\Application.php(851): Illuminate\\Container\\Container->resolve('Fruitcake\\\\Cors\\\\...', Array, true)
#2 C:\\xampp\\htdocs\\worktech-master\\worktech-master\\vendor\\laravel\\framework\\src\\Illuminate\\Container\\Container.php(694): Illuminate\\Foundation\\Application->resolve('Fruitcake\\\\Cors\\\\...', Array)
#3 C:\\xampp\\htdocs\\worktech-master\\worktech-master\\vendor\\laravel\\framework\\src\\Illuminate\\Foundation\\Application.php(836): Illuminate\\Container\\Container->make('Fruitcake\\\\Cors\\\\...', Array)
#4 C:\\xampp\\htdocs\\worktech-master\\worktech-master\\vendor\\laravel\\framework\\src\\Illuminate\\Foundation\\Http\\Kernel.php(206): Illuminate\\Foundation\\Application->make('Fruitcake\\\\Cors\\\\...')
#5 C:\\xampp\\htdocs\\worktech-master\\worktech-master\\vendor\\laravel\\framework\\src\\Illuminate\\Foundation\\Http\\Kernel.php(180): Illuminate\\Foundation\\Http\\Kernel->terminateMiddleware(Object(Illuminate\\Http\\Request), Object(Illuminate\\Http\\Response))
#6 C:\\xampp\\htdocs\\worktech-master\\worktech-master\\public\\index.php(60): Illuminate\\Foundation\\Http\\Kernel->terminate(Object(Illuminate\\Http\\Request), Object(Illuminate\\Http\\Response))
#7 C:\\xampp\\htdocs\\worktech-master\\worktech-master\\server.php(21): require_once('C:\\\\xampp\\\\htdocs...')
#8 {main}

[previous exception] [object] (ReflectionException(code: -1): Class \"Fruitcake\\Cors\\HandleCors\" does not exist at C:\\xampp\\htdocs\\worktech-master\\worktech-master\\vendor\\laravel\\framework\\src\\Illuminate\\Container\\Container.php:877)
[stacktrace]
#0 C:\\xampp\\htdocs\\worktech-master\\worktech-master\\vendor\\laravel\\framework\\src\\Illuminate\\Container\\Container.php(877): ReflectionClass->__construct('Fruitcake\\\\Cors\\\\...')
#1 C:\\xampp\\htdocs\\worktech-master\\worktech-master\\vendor\\laravel\\framework\\src\\Illuminate\\Container\\Container.php(758): Illuminate\\Container\\Container->build('Fruitcake\\\\Cors\\\\...')
#2 C:\\xampp\\htdocs\\worktech-master\\worktech-master\\vendor\\laravel\\framework\\src\\Illuminate\\Foundation\\Application.php(851): Illuminate\\Container\\Container->resolve('Fruitcake\\\\Cors\\\\...', Array, true)
#3 C:\\xampp\\htdocs\\worktech-master\\worktech-master\\vendor\\laravel\\framework\\src\\Illuminate\\Container\\Container.php(694): Illuminate\\Foundation\\Application->resolve('Fruitcake\\\\Cors\\\\...', Array)
#4 C:\\xampp\\htdocs\\worktech-master\\worktech-master\\vendor\\laravel\\framework\\src\\Illuminate\\Foundation\\Application.php(836): Illuminate\\Container\\Container->make('Fruitcake\\\\Cors\\\\...', Array)
#5 C:\\xampp\\htdocs\\worktech-master\\worktech-master\\vendor\\laravel\\framework\\src\\Illuminate\\Foundation\\Http\\Kernel.php(206): Illuminate\\Foundation\\Application->make('Fruitcake\\\\Cors\\\\...')
#6 C:\\xampp\\htdocs\\worktech-master\\worktech-master\\vendor\\laravel\\framework\\src\\Illuminate\\Foundation\\Http\\Kernel.php(180): Illuminate\\Foundation\\Http\\Kernel->terminateMiddleware(Object(Illuminate\\Http\\Request), Object(Illuminate\\Http\\Response))
#7 C:\\xampp\\htdocs\\worktech-master\\worktech-master\\public\\index.php(60): Illuminate\\Foundation\\Http\\Kernel->terminate(Object(Illuminate\\Http\\Request), Object(Illuminate\\Http\\Response))
#8 C:\\xampp\\htdocs\\worktech-master\\worktech-master\\server.php(21): require_once('C:\\\\xampp\\\\htdocs...')
#9 {main}
"} 
[2024-11-04 12:32:51] production.ERROR: SQLSTATE[HY000] [1045] Access denied for user 'forge'@'localhost' (using password: NO) (SQL: select * from information_schema.tables where table_schema = forge and table_name = migrations and table_type = 'BASE TABLE') {"exception":"[object] (Illuminate\\Database\\QueryException(code: 1045): SQLSTATE[HY000] [1045] Access denied for user 'forge'@'localhost' (using password: NO) (SQL: select * from information_schema.tables where table_schema = forge and table_name = migrations and table_type = 'BASE TABLE') at C:\\xampp\\htdocs\\worktech-master\\worktech-master\\vendor\\laravel\\framework\\src\\Illuminate\\Database\\Connection.php:712)
[stacktrace]
#0 C:\\xampp\\htdocs\\worktech-master\\worktech-master\\vendor\\laravel\\framework\\src\\Illuminate\\Database\\Connection.php(672): Illuminate\\Database\\Connection->runQueryCallback('select * from i...', Array, Object(Closure))
#1 C:\\xampp\\htdocs\\worktech-master\\worktech-master\\vendor\\laravel\\framework\\src\\Illuminate\\Database\\Connection.php(376): Illuminate\\Database\\Connection->run('select * from i...', Array, Object(Closure))
#2 C:\\xampp\\htdocs\\worktech-master\\worktech-master\\vendor\\laravel\\framework\\src\\Illuminate\\Database\\Schema\\MySqlBuilder.php(44): Illuminate\\Database\\Connection->select('select * from i...', Array)
#3 C:\\xampp\\htdocs\\worktech-master\\worktech-master\\vendor\\laravel\\framework\\src\\Illuminate\\Database\\Migrations\\DatabaseMigrationRepository.php(169): Illuminate\\Database\\Schema\\MySqlBuilder->hasTable('migrations')
#4 C:\\xampp\\htdocs\\worktech-master\\worktech-master\\vendor\\laravel\\framework\\src\\Illuminate\\Database\\Migrations\\Migrator.php(673): Illuminate\\Database\\Migrations\\DatabaseMigrationRepository->repositoryExists()
#5 C:\\xampp\\htdocs\\worktech-master\\worktech-master\\vendor\\laravel\\framework\\src\\Illuminate\\Database\\Console\\Migrations\\MigrateCommand.php(110): Illuminate\\Database\\Migrations\\Migrator->repositoryExists()
#6 C:\\xampp\\htdocs\\worktech-master\\worktech-master\\vendor\\laravel\\framework\\src\\Illuminate\\Database\\Console\\Migrations\\MigrateCommand.php(78): Illuminate\\Database\\Console\\Migrations\\MigrateCommand->prepareDatabase()
#7 C:\\xampp\\htdocs\\worktech-master\\worktech-master\\vendor\\laravel\\framework\\src\\Illuminate\\Database\\Migrations\\Migrator.php(606): Illuminate\\Database\\Console\\Migrations\\MigrateCommand->Illuminate\\Database\\Console\\Migrations\\{closure}()
#8 C:\\xampp\\htdocs\\worktech-master\\worktech-master\\vendor\\laravel\\framework\\src\\Illuminate\\Database\\Console\\Migrations\\MigrateCommand.php(98): Illuminate\\Database\\Migrations\\Migrator->usingConnection(NULL, Object(Closure))
#9 C:\\xampp\\htdocs\\worktech-master\\worktech-master\\vendor\\laravel\\framework\\src\\Illuminate\\Container\\BoundMethod.php(36): Illuminate\\Database\\Console\\Migrations\\MigrateCommand->handle()
#10 C:\\xampp\\htdocs\\worktech-master\\worktech-master\\vendor\\laravel\\framework\\src\\Illuminate\\Container\\Util.php(40): Illuminate\\Container\\BoundMethod::Illuminate\\Container\\{closure}()
#11 C:\\xampp\\htdocs\\worktech-master\\worktech-master\\vendor\\laravel\\framework\\src\\Illuminate\\Container\\BoundMethod.php(93): Illuminate\\Container\\Util::unwrapIfClosure(Object(Closure))
#12 C:\\xampp\\htdocs\\worktech-master\\worktech-master\\vendor\\laravel\\framework\\src\\Illuminate\\Container\\BoundMethod.php(37): Illuminate\\Container\\BoundMethod::callBoundMethod(Object(Illuminate\\Foundation\\Application), Array, Object(Closure))
#13 C:\\xampp\\htdocs\\worktech-master\\worktech-master\\vendor\\laravel\\framework\\src\\Illuminate\\Container\\Container.php(653): Illuminate\\Container\\BoundMethod::call(Object(Illuminate\\Foundation\\Application), Array, Array, NULL)
#14 C:\\xampp\\htdocs\\worktech-master\\worktech-master\\vendor\\laravel\\framework\\src\\Illuminate\\Console\\Command.php(136): Illuminate\\Container\\Container->call(Array)
#15 C:\\xampp\\htdocs\\worktech-master\\worktech-master\\vendor\\symfony\\console\\Command\\Command.php(298): Illuminate\\Console\\Command->execute(Object(Symfony\\Component\\Console\\Input\\ArgvInput), Object(Illuminate\\Console\\OutputStyle))
#16 C:\\xampp\\htdocs\\worktech-master\\worktech-master\\vendor\\laravel\\framework\\src\\Illuminate\\Console\\Command.php(121): Symfony\\Component\\Console\\Command\\Command->run(Object(Symfony\\Component\\Console\\Input\\ArgvInput), Object(Illuminate\\Console\\OutputStyle))
#17 C:\\xampp\\htdocs\\worktech-master\\worktech-master\\vendor\\symfony\\console\\Application.php(1040): Illuminate\\Console\\Command->run(Object(Symfony\\Component\\Console\\Input\\ArgvInput), Object(Symfony\\Component\\Console\\Output\\ConsoleOutput))
#18 C:\\xampp\\htdocs\\worktech-master\\worktech-master\\vendor\\symfony\\console\\Application.php(301): Symfony\\Component\\Console\\Application->doRunCommand(Object(Illuminate\\Database\\Console\\Migrations\\MigrateCommand), Object(Symfony\\Component\\Console\\Input\\ArgvInput), Object(Symfony\\Component\\Console\\Output\\ConsoleOutput))
#19 C:\\xampp\\htdocs\\worktech-master\\worktech-master\\vendor\\symfony\\console\\Application.php(171): Symfony\\Component\\Console\\Application->doRun(Object(Symfony\\Component\\Console\\Input\\ArgvInput), Object(Symfony\\Component\\Console\\Output\\ConsoleOutput))
#20 C:\\xampp\\htdocs\\worktech-master\\worktech-master\\vendor\\laravel\\framework\\src\\Illuminate\\Console\\Application.php(94): Symfony\\Component\\Console\\Application->run(Object(Symfony\\Component\\Console\\Input\\ArgvInput), Object(Symfony\\Component\\Console\\Output\\ConsoleOutput))
#21 C:\\xampp\\htdocs\\worktech-master\\worktech-master\\vendor\\laravel\\framework\\src\\Illuminate\\Foundation\\Console\\Kernel.php(129): Illuminate\\Console\\Application->run(Object(Symfony\\Component\\Console\\Input\\ArgvInput), Object(Symfony\\Component\\Console\\Output\\ConsoleOutput))
#22 C:\\xampp\\htdocs\\worktech-master\\worktech-master\\artisan(37): Illuminate\\Foundation\\Console\\Kernel->handle(Object(Symfony\\Component\\Console\\Input\\ArgvInput), Object(Symfony\\Component\\Console\\Output\\ConsoleOutput))
#23 {main}

[previous exception] [object] (Doctrine\\DBAL\\Driver\\PDO\\Exception(code: 1045): SQLSTATE[HY000] [1045] Access denied for user 'forge'@'localhost' (using password: NO) at C:\\xampp\\htdocs\\worktech-master\\worktech-master\\vendor\\doctrine\\dbal\\lib\\Doctrine\\DBAL\\Driver\\PDO\\Exception.php:18)
[stacktrace]
#0 C:\\xampp\\htdocs\\worktech-master\\worktech-master\\vendor\\doctrine\\dbal\\lib\\Doctrine\\DBAL\\Driver\\PDOConnection.php(44): Doctrine\\DBAL\\Driver\\PDO\\Exception::new(Object(PDOException))
#1 C:\\xampp\\htdocs\\worktech-master\\worktech-master\\vendor\\laravel\\framework\\src\\Illuminate\\Database\\Connectors\\Connector.php(67): Doctrine\\DBAL\\Driver\\PDOConnection->__construct('mysql:host=127....', 'forge', '', Array)
#2 C:\\xampp\\htdocs\\worktech-master\\worktech-master\\vendor\\laravel\\framework\\src\\Illuminate\\Database\\Connectors\\Connector.php(46): Illuminate\\Database\\Connectors\\Connector->createPdoConnection('mysql:host=127....', 'forge', '', Array)
#3 C:\\xampp\\htdocs\\worktech-master\\worktech-master\\vendor\\laravel\\framework\\src\\Illuminate\\Database\\Connectors\\MySqlConnector.php(24): Illuminate\\Database\\Connectors\\Connector->createConnection('mysql:host=127....', Array, Array)
#4 C:\\xampp\\htdocs\\worktech-master\\worktech-master\\vendor\\laravel\\framework\\src\\Illuminate\\Database\\Connectors\\ConnectionFactory.php(184): Illuminate\\Database\\Connectors\\MySqlConnector->connect(Array)
#5 [internal function]: Illuminate\\Database\\Connectors\\ConnectionFactory->Illuminate\\Database\\Connectors\\{closure}()
#6 C:\\xampp\\htdocs\\worktech-master\\worktech-master\\vendor\\laravel\\framework\\src\\Illuminate\\Database\\Connection.php(1064): call_user_func(Object(Closure))
#7 C:\\xampp\\htdocs\\worktech-master\\worktech-master\\vendor\\laravel\\framework\\src\\Illuminate\\Database\\Connection.php(1100): Illuminate\\Database\\Connection->getPdo()
#8 C:\\xampp\\htdocs\\worktech-master\\worktech-master\\vendor\\laravel\\framework\\src\\Illuminate\\Database\\Connection.php(442): Illuminate\\Database\\Connection->getReadPdo()
#9 C:\\xampp\\htdocs\\worktech-master\\worktech-master\\vendor\\laravel\\framework\\src\\Illuminate\\Database\\Connection.php(368): Illuminate\\Database\\Connection->getPdoForSelect(true)
#10 C:\\xampp\\htdocs\\worktech-master\\worktech-master\\vendor\\laravel\\framework\\src\\Illuminate\\Database\\Connection.php(705): Illuminate\\Database\\Connection->Illuminate\\Database\\{closure}('select * from i...', Array)
#11 C:\\xampp\\htdocs\\worktech-master\\worktech-master\\vendor\\laravel\\framework\\src\\Illuminate\\Database\\Connection.php(672): Illuminate\\Database\\Connection->runQueryCallback('select * from i...', Array, Object(Closure))
#12 C:\\xampp\\htdocs\\worktech-master\\worktech-master\\vendor\\laravel\\framework\\src\\Illuminate\\Database\\Connection.php(376): Illuminate\\Database\\Connection->run('select * from i...', Array, Object(Closure))
#13 C:\\xampp\\htdocs\\worktech-master\\worktech-master\\vendor\\laravel\\framework\\src\\Illuminate\\Database\\Schema\\MySqlBuilder.php(44): Illuminate\\Database\\Connection->select('select * from i...', Array)
#14 C:\\xampp\\htdocs\\worktech-master\\worktech-master\\vendor\\laravel\\framework\\src\\Illuminate\\Database\\Migrations\\DatabaseMigrationRepository.php(169): Illuminate\\Database\\Schema\\MySqlBuilder->hasTable('migrations')
#15 C:\\xampp\\htdocs\\worktech-master\\worktech-master\\vendor\\laravel\\framework\\src\\Illuminate\\Database\\Migrations\\Migrator.php(673): Illuminate\\Database\\Migrations\\DatabaseMigrationRepository->repositoryExists()
#16 C:\\xampp\\htdocs\\worktech-master\\worktech-master\\vendor\\laravel\\framework\\src\\Illuminate\\Database\\Console\\Migrations\\MigrateCommand.php(110): Illuminate\\Database\\Migrations\\Migrator->repositoryExists()
#17 C:\\xampp\\htdocs\\worktech-master\\worktech-master\\vendor\\laravel\\framework\\src\\Illuminate\\Database\\Console\\Migrations\\MigrateCommand.php(78): Illuminate\\Database\\Console\\Migrations\\MigrateCommand->prepareDatabase()
#18 C:\\xampp\\htdocs\\worktech-master\\worktech-master\\vendor\\laravel\\framework\\src\\Illuminate\\Database\\Migrations\\Migrator.php(606): Illuminate\\Database\\Console\\Migrations\\MigrateCommand->Illuminate\\Database\\Console\\Migrations\\{closure}()
#19 C:\\xampp\\htdocs\\worktech-master\\worktech-master\\vendor\\laravel\\framework\\src\\Illuminate\\Database\\Console\\Migrations\\MigrateCommand.php(98): Illuminate\\Database\\Migrations\\Migrator->usingConnection(NULL, Object(Closure))
#20 C:\\xampp\\htdocs\\worktech-master\\worktech-master\\vendor\\laravel\\framework\\src\\Illuminate\\Container\\BoundMethod.php(36): Illuminate\\Database\\Console\\Migrations\\MigrateCommand->handle()
#21 C:\\xampp\\htdocs\\worktech-master\\worktech-master\\vendor\\laravel\\framework\\src\\Illuminate\\Container\\Util.php(40): Illuminate\\Container\\BoundMethod::Illuminate\\Container\\{closure}()
#22 C:\\xampp\\htdocs\\worktech-master\\worktech-master\\vendor\\laravel\\framework\\src\\Illuminate\\Container\\BoundMethod.php(93): Illuminate\\Container\\Util::unwrapIfClosure(Object(Closure))
#23 C:\\xampp\\htdocs\\worktech-master\\worktech-master\\vendor\\laravel\\framework\\src\\Illuminate\\Container\\BoundMethod.php(37): Illuminate\\Container\\BoundMethod::callBoundMethod(Object(Illuminate\\Foundation\\Application), Array, Object(Closure))
#24 C:\\xampp\\htdocs\\worktech-master\\worktech-master\\vendor\\laravel\\framework\\src\\Illuminate\\Container\\Container.php(653): Illuminate\\Container\\BoundMethod::call(Object(Illuminate\\Foundation\\Application), Array, Array, NULL)
#25 C:\\xampp\\htdocs\\worktech-master\\worktech-master\\vendor\\laravel\\framework\\src\\Illuminate\\Console\\Command.php(136): Illuminate\\Container\\Container->call(Array)
#26 C:\\xampp\\htdocs\\worktech-master\\worktech-master\\vendor\\symfony\\console\\Command\\Command.php(298): Illuminate\\Console\\Command->execute(Object(Symfony\\Component\\Console\\Input\\ArgvInput), Object(Illuminate\\Console\\OutputStyle))
#27 C:\\xampp\\htdocs\\worktech-master\\worktech-master\\vendor\\laravel\\framework\\src\\Illuminate\\Console\\Command.php(121): Symfony\\Component\\Console\\Command\\Command->run(Object(Symfony\\Component\\Console\\Input\\ArgvInput), Object(Illuminate\\Console\\OutputStyle))
#28 C:\\xampp\\htdocs\\worktech-master\\worktech-master\\vendor\\symfony\\console\\Application.php(1040): Illuminate\\Console\\Command->run(Object(Symfony\\Component\\Console\\Input\\ArgvInput), Object(Symfony\\Component\\Console\\Output\\ConsoleOutput))
#29 C:\\xampp\\htdocs\\worktech-master\\worktech-master\\vendor\\symfony\\console\\Application.php(301): Symfony\\Component\\Console\\Application->doRunCommand(Object(Illuminate\\Database\\Console\\Migrations\\MigrateCommand), Object(Symfony\\Component\\Console\\Input\\ArgvInput), Object(Symfony\\Component\\Console\\Output\\ConsoleOutput))
#30 C:\\xampp\\htdocs\\worktech-master\\worktech-master\\vendor\\symfony\\console\\Application.php(171): Symfony\\Component\\Console\\Application->doRun(Object(Symfony\\Component\\Console\\Input\\ArgvInput), Object(Symfony\\Component\\Console\\Output\\ConsoleOutput))
#31 C:\\xampp\\htdocs\\worktech-master\\worktech-master\\vendor\\laravel\\framework\\src\\Illuminate\\Console\\Application.php(94): Symfony\\Component\\Console\\Application->run(Object(Symfony\\Component\\Console\\Input\\ArgvInput), Object(Symfony\\Component\\Console\\Output\\ConsoleOutput))
#32 C:\\xampp\\htdocs\\worktech-master\\worktech-master\\vendor\\laravel\\framework\\src\\Illuminate\\Foundation\\Console\\Kernel.php(129): Illuminate\\Console\\Application->run(Object(Symfony\\Component\\Console\\Input\\ArgvInput), Object(Symfony\\Component\\Console\\Output\\ConsoleOutput))
#33 C:\\xampp\\htdocs\\worktech-master\\worktech-master\\artisan(37): Illuminate\\Foundation\\Console\\Kernel->handle(Object(Symfony\\Component\\Console\\Input\\ArgvInput), Object(Symfony\\Component\\Console\\Output\\ConsoleOutput))
#34 {main}

[previous exception] [object] (PDOException(code: 1045): SQLSTATE[HY000] [1045] Access denied for user 'forge'@'localhost' (using password: NO) at C:\\xampp\\htdocs\\worktech-master\\worktech-master\\vendor\\doctrine\\dbal\\lib\\Doctrine\\DBAL\\Driver\\PDOConnection.php:40)
[stacktrace]
#0 C:\\xampp\\htdocs\\worktech-master\\worktech-master\\vendor\\doctrine\\dbal\\lib\\Doctrine\\DBAL\\Driver\\PDOConnection.php(40): PDO->__construct('mysql:host=127....', 'forge', '', Array)
#1 C:\\xampp\\htdocs\\worktech-master\\worktech-master\\vendor\\laravel\\framework\\src\\Illuminate\\Database\\Connectors\\Connector.php(67): Doctrine\\DBAL\\Driver\\PDOConnection->__construct('mysql:host=127....', 'forge', '', Array)
#2 C:\\xampp\\htdocs\\worktech-master\\worktech-master\\vendor\\laravel\\framework\\src\\Illuminate\\Database\\Connectors\\Connector.php(46): Illuminate\\Database\\Connectors\\Connector->createPdoConnection('mysql:host=127....', 'forge', '', Array)
#3 C:\\xampp\\htdocs\\worktech-master\\worktech-master\\vendor\\laravel\\framework\\src\\Illuminate\\Database\\Connectors\\MySqlConnector.php(24): Illuminate\\Database\\Connectors\\Connector->createConnection('mysql:host=127....', Array, Array)
#4 C:\\xampp\\htdocs\\worktech-master\\worktech-master\\vendor\\laravel\\framework\\src\\Illuminate\\Database\\Connectors\\ConnectionFactory.php(184): Illuminate\\Database\\Connectors\\MySqlConnector->connect(Array)
#5 [internal function]: Illuminate\\Database\\Connectors\\ConnectionFactory->Illuminate\\Database\\Connectors\\{closure}()
#6 C:\\xampp\\htdocs\\worktech-master\\worktech-master\\vendor\\laravel\\framework\\src\\Illuminate\\Database\\Connection.php(1064): call_user_func(Object(Closure))
#7 C:\\xampp\\htdocs\\worktech-master\\worktech-master\\vendor\\laravel\\framework\\src\\Illuminate\\Database\\Connection.php(1100): Illuminate\\Database\\Connection->getPdo()
#8 C:\\xampp\\htdocs\\worktech-master\\worktech-master\\vendor\\laravel\\framework\\src\\Illuminate\\Database\\Connection.php(442): Illuminate\\Database\\Connection->getReadPdo()
#9 C:\\xampp\\htdocs\\worktech-master\\worktech-master\\vendor\\laravel\\framework\\src\\Illuminate\\Database\\Connection.php(368): Illuminate\\Database\\Connection->getPdoForSelect(true)
#10 C:\\xampp\\htdocs\\worktech-master\\worktech-master\\vendor\\laravel\\framework\\src\\Illuminate\\Database\\Connection.php(705): Illuminate\\Database\\Connection->Illuminate\\Database\\{closure}('select * from i...', Array)
#11 C:\\xampp\\htdocs\\worktech-master\\worktech-master\\vendor\\laravel\\framework\\src\\Illuminate\\Database\\Connection.php(672): Illuminate\\Database\\Connection->runQueryCallback('select * from i...', Array, Object(Closure))
#12 C:\\xampp\\htdocs\\worktech-master\\worktech-master\\vendor\\laravel\\framework\\src\\Illuminate\\Database\\Connection.php(376): Illuminate\\Database\\Connection->run('select * from i...', Array, Object(Closure))
#13 C:\\xampp\\htdocs\\worktech-master\\worktech-master\\vendor\\laravel\\framework\\src\\Illuminate\\Database\\Schema\\MySqlBuilder.php(44): Illuminate\\Database\\Connection->select('select * from i...', Array)
#14 C:\\xampp\\htdocs\\worktech-master\\worktech-master\\vendor\\laravel\\framework\\src\\Illuminate\\Database\\Migrations\\DatabaseMigrationRepository.php(169): Illuminate\\Database\\Schema\\MySqlBuilder->hasTable('migrations')
#15 C:\\xampp\\htdocs\\worktech-master\\worktech-master\\vendor\\laravel\\framework\\src\\Illuminate\\Database\\Migrations\\Migrator.php(673): Illuminate\\Database\\Migrations\\DatabaseMigrationRepository->repositoryExists()
#16 C:\\xampp\\htdocs\\worktech-master\\worktech-master\\vendor\\laravel\\framework\\src\\Illuminate\\Database\\Console\\Migrations\\MigrateCommand.php(110): Illuminate\\Database\\Migrations\\Migrator->repositoryExists()
#17 C:\\xampp\\htdocs\\worktech-master\\worktech-master\\vendor\\laravel\\framework\\src\\Illuminate\\Database\\Console\\Migrations\\MigrateCommand.php(78): Illuminate\\Database\\Console\\Migrations\\MigrateCommand->prepareDatabase()
#18 C:\\xampp\\htdocs\\worktech-master\\worktech-master\\vendor\\laravel\\framework\\src\\Illuminate\\Database\\Migrations\\Migrator.php(606): Illuminate\\Database\\Console\\Migrations\\MigrateCommand->Illuminate\\Database\\Console\\Migrations\\{closure}()
#19 C:\\xampp\\htdocs\\worktech-master\\worktech-master\\vendor\\laravel\\framework\\src\\Illuminate\\Database\\Console\\Migrations\\MigrateCommand.php(98): Illuminate\\Database\\Migrations\\Migrator->usingConnection(NULL, Object(Closure))
#20 C:\\xampp\\htdocs\\worktech-master\\worktech-master\\vendor\\laravel\\framework\\src\\Illuminate\\Container\\BoundMethod.php(36): Illuminate\\Database\\Console\\Migrations\\MigrateCommand->handle()
#21 C:\\xampp\\htdocs\\worktech-master\\worktech-master\\vendor\\laravel\\framework\\src\\Illuminate\\Container\\Util.php(40): Illuminate\\Container\\BoundMethod::Illuminate\\Container\\{closure}()
#22 C:\\xampp\\htdocs\\worktech-master\\worktech-master\\vendor\\laravel\\framework\\src\\Illuminate\\Container\\BoundMethod.php(93): Illuminate\\Container\\Util::unwrapIfClosure(Object(Closure))
#23 C:\\xampp\\htdocs\\worktech-master\\worktech-master\\vendor\\laravel\\framework\\src\\Illuminate\\Container\\BoundMethod.php(37): Illuminate\\Container\\BoundMethod::callBoundMethod(Object(Illuminate\\Foundation\\Application), Array, Object(Closure))
#24 C:\\xampp\\htdocs\\worktech-master\\worktech-master\\vendor\\laravel\\framework\\src\\Illuminate\\Container\\Container.php(653): Illuminate\\Container\\BoundMethod::call(Object(Illuminate\\Foundation\\Application), Array, Array, NULL)
#25 C:\\xampp\\htdocs\\worktech-master\\worktech-master\\vendor\\laravel\\framework\\src\\Illuminate\\Console\\Command.php(136): Illuminate\\Container\\Container->call(Array)
#26 C:\\xampp\\htdocs\\worktech-master\\worktech-master\\vendor\\symfony\\console\\Command\\Command.php(298): Illuminate\\Console\\Command->execute(Object(Symfony\\Component\\Console\\Input\\ArgvInput), Object(Illuminate\\Console\\OutputStyle))
#27 C:\\xampp\\htdocs\\worktech-master\\worktech-master\\vendor\\laravel\\framework\\src\\Illuminate\\Console\\Command.php(121): Symfony\\Component\\Console\\Command\\Command->run(Object(Symfony\\Component\\Console\\Input\\ArgvInput), Object(Illuminate\\Console\\OutputStyle))
#28 C:\\xampp\\htdocs\\worktech-master\\worktech-master\\vendor\\symfony\\console\\Application.php(1040): Illuminate\\Console\\Command->run(Object(Symfony\\Component\\Console\\Input\\ArgvInput), Object(Symfony\\Component\\Console\\Output\\ConsoleOutput))
#29 C:\\xampp\\htdocs\\worktech-master\\worktech-master\\vendor\\symfony\\console\\Application.php(301): Symfony\\Component\\Console\\Application->doRunCommand(Object(Illuminate\\Database\\Console\\Migrations\\MigrateCommand), Object(Symfony\\Component\\Console\\Input\\ArgvInput), Object(Symfony\\Component\\Console\\Output\\ConsoleOutput))
#30 C:\\xampp\\htdocs\\worktech-master\\worktech-master\\vendor\\symfony\\console\\Application.php(171): Symfony\\Component\\Console\\Application->doRun(Object(Symfony\\Component\\Console\\Input\\ArgvInput), Object(Symfony\\Component\\Console\\Output\\ConsoleOutput))
#31 C:\\xampp\\htdocs\\worktech-master\\worktech-master\\vendor\\laravel\\framework\\src\\Illuminate\\Console\\Application.php(94): Symfony\\Component\\Console\\Application->run(Object(Symfony\\Component\\Console\\Input\\ArgvInput), Object(Symfony\\Component\\Console\\Output\\ConsoleOutput))
#32 C:\\xampp\\htdocs\\worktech-master\\worktech-master\\vendor\\laravel\\framework\\src\\Illuminate\\Foundation\\Console\\Kernel.php(129): Illuminate\\Console\\Application->run(Object(Symfony\\Component\\Console\\Input\\ArgvInput), Object(Symfony\\Component\\Console\\Output\\ConsoleOutput))
#33 C:\\xampp\\htdocs\\worktech-master\\worktech-master\\artisan(37): Illuminate\\Foundation\\Console\\Kernel->handle(Object(Symfony\\Component\\Console\\Input\\ArgvInput), Object(Symfony\\Component\\Console\\Output\\ConsoleOutput))
#34 {main}
"} 
[2024-11-04 12:32:51] production.ERROR: SQLSTATE[HY000] [1045] Access denied for user 'forge'@'localhost' (using password: NO) (SQL: select count(*) as aggregate from `telescope_entries` where `type` = exception and `family_hash` = b05257324af9cbaa3c30416953011bf6) {"exception":"[object] (Illuminate\\Database\\QueryException(code: 1045): SQLSTATE[HY000] [1045] Access denied for user 'forge'@'localhost' (using password: NO) (SQL: select count(*) as aggregate from `telescope_entries` where `type` = exception and `family_hash` = b05257324af9cbaa3c30416953011bf6) at C:\\xampp\\htdocs\\worktech-master\\worktech-master\\vendor\\laravel\\framework\\src\\Illuminate\\Database\\Connection.php:712)
[stacktrace]
#0 C:\\xampp\\htdocs\\worktech-master\\worktech-master\\vendor\\laravel\\framework\\src\\Illuminate\\Database\\Connection.php(672): Illuminate\\Database\\Connection->runQueryCallback('select count(*)...', Array, Object(Closure))
#1 C:\\xampp\\htdocs\\worktech-master\\worktech-master\\vendor\\laravel\\framework\\src\\Illuminate\\Database\\Connection.php(376): Illuminate\\Database\\Connection->run('select count(*)...', Array, Object(Closure))
#2 C:\\xampp\\htdocs\\worktech-master\\worktech-master\\vendor\\laravel\\framework\\src\\Illuminate\\Database\\Query\\Builder.php(2414): Illuminate\\Database\\Connection->select('select count(*)...', Array, true)
#3 C:\\xampp\\htdocs\\worktech-master\\worktech-master\\vendor\\laravel\\framework\\src\\Illuminate\\Database\\Query\\Builder.php(2402): Illuminate\\Database\\Query\\Builder->runSelect()
#4 C:\\xampp\\htdocs\\worktech-master\\worktech-master\\vendor\\laravel\\framework\\src\\Illuminate\\Database\\Query\\Builder.php(2936): Illuminate\\Database\\Query\\Builder->Illuminate\\Database\\Query\\{closure}()
#5 C:\\xampp\\htdocs\\worktech-master\\worktech-master\\vendor\\laravel\\framework\\src\\Illuminate\\Database\\Query\\Builder.php(2403): Illuminate\\Database\\Query\\Builder->onceWithColumns(Array, Object(Closure))
#6 C:\\xampp\\htdocs\\worktech-master\\worktech-master\\vendor\\laravel\\framework\\src\\Illuminate\\Database\\Query\\Builder.php(2863): Illuminate\\Database\\Query\\Builder->get(Array)
#7 C:\\xampp\\htdocs\\worktech-master\\worktech-master\\vendor\\laravel\\framework\\src\\Illuminate\\Database\\Query\\Builder.php(2791): Illuminate\\Database\\Query\\Builder->aggregate('count', Array)
#8 C:\\xampp\\htdocs\\worktech-master\\worktech-master\\vendor\\laravel\\telescope\\src\\Storage\\DatabaseEntriesRepository.php(123): Illuminate\\Database\\Query\\Builder->count()
#9 C:\\xampp\\htdocs\\worktech-master\\worktech-master\\vendor\\laravel\\telescope\\src\\Storage\\DatabaseEntriesRepository.php(165): Laravel\\Telescope\\Storage\\DatabaseEntriesRepository->countExceptionOccurences(Object(Laravel\\Telescope\\IncomingExceptionEntry))
#10 [internal function]: Laravel\\Telescope\\Storage\\DatabaseEntriesRepository->Laravel\\Telescope\\Storage\\{closure}(Object(Laravel\\Telescope\\IncomingExceptionEntry), 0)
#11 C:\\xampp\\htdocs\\worktech-master\\worktech-master\\vendor\\laravel\\framework\\src\\Illuminate\\Collections\\Collection.php(695): array_map(Object(Closure), Array, Array)
#12 C:\\xampp\\htdocs\\worktech-master\\worktech-master\\vendor\\laravel\\telescope\\src\\Storage\\DatabaseEntriesRepository.php(178): Illuminate\\Support\\Collection->map(Object(Closure))
#13 C:\\xampp\\htdocs\\worktech-master\\worktech-master\\vendor\\laravel\\framework\\src\\Illuminate\\Collections\\Traits\\EnumeratesValues.php(245): Laravel\\Telescope\\Storage\\DatabaseEntriesRepository->Laravel\\Telescope\\Storage\\{closure}(Object(Illuminate\\Support\\Collection), 0)
#14 C:\\xampp\\htdocs\\worktech-master\\worktech-master\\vendor\\laravel\\telescope\\src\\Storage\\DatabaseEntriesRepository.php(179): Illuminate\\Support\\Collection->each(Object(Closure))
#15 C:\\xampp\\htdocs\\worktech-master\\worktech-master\\vendor\\laravel\\telescope\\src\\Storage\\DatabaseEntriesRepository.php(140): Laravel\\Telescope\\Storage\\DatabaseEntriesRepository->storeExceptions(Object(Illuminate\\Support\\Collection))
#16 C:\\xampp\\htdocs\\worktech-master\\worktech-master\\vendor\\laravel\\telescope\\src\\Telescope.php(668): Laravel\\Telescope\\Storage\\DatabaseEntriesRepository->store(Object(Illuminate\\Support\\Collection))
#17 [internal function]: Laravel\\Telescope\\Telescope::Laravel\\Telescope\\{closure}()
#18 C:\\xampp\\htdocs\\worktech-master\\worktech-master\\vendor\\laravel\\telescope\\src\\Telescope.php(293): call_user_func(Object(Closure))
#19 C:\\xampp\\htdocs\\worktech-master\\worktech-master\\vendor\\laravel\\telescope\\src\\Telescope.php(686): Laravel\\Telescope\\Telescope::withoutRecording(Object(Closure))
#20 C:\\xampp\\htdocs\\worktech-master\\worktech-master\\vendor\\laravel\\telescope\\src\\ListensForStorageOpportunities.php(65): Laravel\\Telescope\\Telescope::store(Object(Laravel\\Telescope\\Storage\\DatabaseEntriesRepository))
#21 C:\\xampp\\htdocs\\worktech-master\\worktech-master\\vendor\\laravel\\framework\\src\\Illuminate\\Container\\BoundMethod.php(36): Laravel\\Telescope\\Telescope::Laravel\\Telescope\\{closure}()
#22 C:\\xampp\\htdocs\\worktech-master\\worktech-master\\vendor\\laravel\\framework\\src\\Illuminate\\Container\\Util.php(40): Illuminate\\Container\\BoundMethod::Illuminate\\Container\\{closure}()
#23 C:\\xampp\\htdocs\\worktech-master\\worktech-master\\vendor\\laravel\\framework\\src\\Illuminate\\Container\\BoundMethod.php(81): Illuminate\\Container\\Util::unwrapIfClosure(Object(Closure))
#24 C:\\xampp\\htdocs\\worktech-master\\worktech-master\\vendor\\laravel\\framework\\src\\Illuminate\\Container\\BoundMethod.php(37): Illuminate\\Container\\BoundMethod::callBoundMethod(Object(Illuminate\\Foundation\\Application), Object(Closure), Object(Closure))
#25 C:\\xampp\\htdocs\\worktech-master\\worktech-master\\vendor\\laravel\\framework\\src\\Illuminate\\Container\\Container.php(653): Illuminate\\Container\\BoundMethod::call(Object(Illuminate\\Foundation\\Application), Object(Closure), Array, NULL)
#26 C:\\xampp\\htdocs\\worktech-master\\worktech-master\\vendor\\laravel\\framework\\src\\Illuminate\\Foundation\\Application.php(1158): Illuminate\\Container\\Container->call(Object(Closure))
#27 C:\\xampp\\htdocs\\worktech-master\\worktech-master\\vendor\\laravel\\framework\\src\\Illuminate\\Foundation\\Console\\Kernel.php(148): Illuminate\\Foundation\\Application->terminate()
#28 C:\\xampp\\htdocs\\worktech-master\\worktech-master\\artisan(51): Illuminate\\Foundation\\Console\\Kernel->terminate(Object(Symfony\\Component\\Console\\Input\\ArgvInput), 1)
#29 {main}

[previous exception] [object] (Doctrine\\DBAL\\Driver\\PDO\\Exception(code: 1045): SQLSTATE[HY000] [1045] Access denied for user 'forge'@'localhost' (using password: NO) at C:\\xampp\\htdocs\\worktech-master\\worktech-master\\vendor\\doctrine\\dbal\\lib\\Doctrine\\DBAL\\Driver\\PDO\\Exception.php:18)
[stacktrace]
#0 C:\\xampp\\htdocs\\worktech-master\\worktech-master\\vendor\\doctrine\\dbal\\lib\\Doctrine\\DBAL\\Driver\\PDOConnection.php(44): Doctrine\\DBAL\\Driver\\PDO\\Exception::new(Object(PDOException))
#1 C:\\xampp\\htdocs\\worktech-master\\worktech-master\\vendor\\laravel\\framework\\src\\Illuminate\\Database\\Connectors\\Connector.php(67): Doctrine\\DBAL\\Driver\\PDOConnection->__construct('mysql:host=127....', 'forge', '', Array)
#2 C:\\xampp\\htdocs\\worktech-master\\worktech-master\\vendor\\laravel\\framework\\src\\Illuminate\\Database\\Connectors\\Connector.php(46): Illuminate\\Database\\Connectors\\Connector->createPdoConnection('mysql:host=127....', 'forge', '', Array)
#3 C:\\xampp\\htdocs\\worktech-master\\worktech-master\\vendor\\laravel\\framework\\src\\Illuminate\\Database\\Connectors\\MySqlConnector.php(24): Illuminate\\Database\\Connectors\\Connector->createConnection('mysql:host=127....', Array, Array)
#4 C:\\xampp\\htdocs\\worktech-master\\worktech-master\\vendor\\laravel\\framework\\src\\Illuminate\\Database\\Connectors\\ConnectionFactory.php(184): Illuminate\\Database\\Connectors\\MySqlConnector->connect(Array)
#5 [internal function]: Illuminate\\Database\\Connectors\\ConnectionFactory->Illuminate\\Database\\Connectors\\{closure}()
#6 C:\\xampp\\htdocs\\worktech-master\\worktech-master\\vendor\\laravel\\framework\\src\\Illuminate\\Database\\Connection.php(1064): call_user_func(Object(Closure))
#7 C:\\xampp\\htdocs\\worktech-master\\worktech-master\\vendor\\laravel\\framework\\src\\Illuminate\\Database\\Connection.php(1100): Illuminate\\Database\\Connection->getPdo()
#8 C:\\xampp\\htdocs\\worktech-master\\worktech-master\\vendor\\laravel\\framework\\src\\Illuminate\\Database\\Connection.php(442): Illuminate\\Database\\Connection->getReadPdo()
#9 C:\\xampp\\htdocs\\worktech-master\\worktech-master\\vendor\\laravel\\framework\\src\\Illuminate\\Database\\Connection.php(368): Illuminate\\Database\\Connection->getPdoForSelect(true)
#10 C:\\xampp\\htdocs\\worktech-master\\worktech-master\\vendor\\laravel\\framework\\src\\Illuminate\\Database\\Connection.php(705): Illuminate\\Database\\Connection->Illuminate\\Database\\{closure}('select count(*)...', Array)
#11 C:\\xampp\\htdocs\\worktech-master\\worktech-master\\vendor\\laravel\\framework\\src\\Illuminate\\Database\\Connection.php(672): Illuminate\\Database\\Connection->runQueryCallback('select count(*)...', Array, Object(Closure))
#12 C:\\xampp\\htdocs\\worktech-master\\worktech-master\\vendor\\laravel\\framework\\src\\Illuminate\\Database\\Connection.php(376): Illuminate\\Database\\Connection->run('select count(*)...', Array, Object(Closure))
#13 C:\\xampp\\htdocs\\worktech-master\\worktech-master\\vendor\\laravel\\framework\\src\\Illuminate\\Database\\Query\\Builder.php(2414): Illuminate\\Database\\Connection->select('select count(*)...', Array, true)
#14 C:\\xampp\\htdocs\\worktech-master\\worktech-master\\vendor\\laravel\\framework\\src\\Illuminate\\Database\\Query\\Builder.php(2402): Illuminate\\Database\\Query\\Builder->runSelect()
#15 C:\\xampp\\htdocs\\worktech-master\\worktech-master\\vendor\\laravel\\framework\\src\\Illuminate\\Database\\Query\\Builder.php(2936): Illuminate\\Database\\Query\\Builder->Illuminate\\Database\\Query\\{closure}()
#16 C:\\xampp\\htdocs\\worktech-master\\worktech-master\\vendor\\laravel\\framework\\src\\Illuminate\\Database\\Query\\Builder.php(2403): Illuminate\\Database\\Query\\Builder->onceWithColumns(Array, Object(Closure))
#17 C:\\xampp\\htdocs\\worktech-master\\worktech-master\\vendor\\laravel\\framework\\src\\Illuminate\\Database\\Query\\Builder.php(2863): Illuminate\\Database\\Query\\Builder->get(Array)
#18 C:\\xampp\\htdocs\\worktech-master\\worktech-master\\vendor\\laravel\\framework\\src\\Illuminate\\Database\\Query\\Builder.php(2791): Illuminate\\Database\\Query\\Builder->aggregate('count', Array)
#19 C:\\xampp\\htdocs\\worktech-master\\worktech-master\\vendor\\laravel\\telescope\\src\\Storage\\DatabaseEntriesRepository.php(123): Illuminate\\Database\\Query\\Builder->count()
#20 C:\\xampp\\htdocs\\worktech-master\\worktech-master\\vendor\\laravel\\telescope\\src\\Storage\\DatabaseEntriesRepository.php(165): Laravel\\Telescope\\Storage\\DatabaseEntriesRepository->countExceptionOccurences(Object(Laravel\\Telescope\\IncomingExceptionEntry))
#21 [internal function]: Laravel\\Telescope\\Storage\\DatabaseEntriesRepository->Laravel\\Telescope\\Storage\\{closure}(Object(Laravel\\Telescope\\IncomingExceptionEntry), 0)
#22 C:\\xampp\\htdocs\\worktech-master\\worktech-master\\vendor\\laravel\\framework\\src\\Illuminate\\Collections\\Collection.php(695): array_map(Object(Closure), Array, Array)
#23 C:\\xampp\\htdocs\\worktech-master\\worktech-master\\vendor\\laravel\\telescope\\src\\Storage\\DatabaseEntriesRepository.php(178): Illuminate\\Support\\Collection->map(Object(Closure))
#24 C:\\xampp\\htdocs\\worktech-master\\worktech-master\\vendor\\laravel\\framework\\src\\Illuminate\\Collections\\Traits\\EnumeratesValues.php(245): Laravel\\Telescope\\Storage\\DatabaseEntriesRepository->Laravel\\Telescope\\Storage\\{closure}(Object(Illuminate\\Support\\Collection), 0)
#25 C:\\xampp\\htdocs\\worktech-master\\worktech-master\\vendor\\laravel\\telescope\\src\\Storage\\DatabaseEntriesRepository.php(179): Illuminate\\Support\\Collection->each(Object(Closure))
#26 C:\\xampp\\htdocs\\worktech-master\\worktech-master\\vendor\\laravel\\telescope\\src\\Storage\\DatabaseEntriesRepository.php(140): Laravel\\Telescope\\Storage\\DatabaseEntriesRepository->storeExceptions(Object(Illuminate\\Support\\Collection))
#27 C:\\xampp\\htdocs\\worktech-master\\worktech-master\\vendor\\laravel\\telescope\\src\\Telescope.php(668): Laravel\\Telescope\\Storage\\DatabaseEntriesRepository->store(Object(Illuminate\\Support\\Collection))
#28 [internal function]: Laravel\\Telescope\\Telescope::Laravel\\Telescope\\{closure}()
#29 C:\\xampp\\htdocs\\worktech-master\\worktech-master\\vendor\\laravel\\telescope\\src\\Telescope.php(293): call_user_func(Object(Closure))
#30 C:\\xampp\\htdocs\\worktech-master\\worktech-master\\vendor\\laravel\\telescope\\src\\Telescope.php(686): Laravel\\Telescope\\Telescope::withoutRecording(Object(Closure))
#31 C:\\xampp\\htdocs\\worktech-master\\worktech-master\\vendor\\laravel\\telescope\\src\\ListensForStorageOpportunities.php(65): Laravel\\Telescope\\Telescope::store(Object(Laravel\\Telescope\\Storage\\DatabaseEntriesRepository))
#32 C:\\xampp\\htdocs\\worktech-master\\worktech-master\\vendor\\laravel\\framework\\src\\Illuminate\\Container\\BoundMethod.php(36): Laravel\\Telescope\\Telescope::Laravel\\Telescope\\{closure}()
#33 C:\\xampp\\htdocs\\worktech-master\\worktech-master\\vendor\\laravel\\framework\\src\\Illuminate\\Container\\Util.php(40): Illuminate\\Container\\BoundMethod::Illuminate\\Container\\{closure}()
#34 C:\\xampp\\htdocs\\worktech-master\\worktech-master\\vendor\\laravel\\framework\\src\\Illuminate\\Container\\BoundMethod.php(81): Illuminate\\Container\\Util::unwrapIfClosure(Object(Closure))
#35 C:\\xampp\\htdocs\\worktech-master\\worktech-master\\vendor\\laravel\\framework\\src\\Illuminate\\Container\\BoundMethod.php(37): Illuminate\\Container\\BoundMethod::callBoundMethod(Object(Illuminate\\Foundation\\Application), Object(Closure), Object(Closure))
#36 C:\\xampp\\htdocs\\worktech-master\\worktech-master\\vendor\\laravel\\framework\\src\\Illuminate\\Container\\Container.php(653): Illuminate\\Container\\BoundMethod::call(Object(Illuminate\\Foundation\\Application), Object(Closure), Array, NULL)
#37 C:\\xampp\\htdocs\\worktech-master\\worktech-master\\vendor\\laravel\\framework\\src\\Illuminate\\Foundation\\Application.php(1158): Illuminate\\Container\\Container->call(Object(Closure))
#38 C:\\xampp\\htdocs\\worktech-master\\worktech-master\\vendor\\laravel\\framework\\src\\Illuminate\\Foundation\\Console\\Kernel.php(148): Illuminate\\Foundation\\Application->terminate()
#39 C:\\xampp\\htdocs\\worktech-master\\worktech-master\\artisan(51): Illuminate\\Foundation\\Console\\Kernel->terminate(Object(Symfony\\Component\\Console\\Input\\ArgvInput), 1)
#40 {main}

[previous exception] [object] (PDOException(code: 1045): SQLSTATE[HY000] [1045] Access denied for user 'forge'@'localhost' (using password: NO) at C:\\xampp\\htdocs\\worktech-master\\worktech-master\\vendor\\doctrine\\dbal\\lib\\Doctrine\\DBAL\\Driver\\PDOConnection.php:40)
[stacktrace]
#0 C:\\xampp\\htdocs\\worktech-master\\worktech-master\\vendor\\doctrine\\dbal\\lib\\Doctrine\\DBAL\\Driver\\PDOConnection.php(40): PDO->__construct('mysql:host=127....', 'forge', '', Array)
#1 C:\\xampp\\htdocs\\worktech-master\\worktech-master\\vendor\\laravel\\framework\\src\\Illuminate\\Database\\Connectors\\Connector.php(67): Doctrine\\DBAL\\Driver\\PDOConnection->__construct('mysql:host=127....', 'forge', '', Array)
#2 C:\\xampp\\htdocs\\worktech-master\\worktech-master\\vendor\\laravel\\framework\\src\\Illuminate\\Database\\Connectors\\Connector.php(46): Illuminate\\Database\\Connectors\\Connector->createPdoConnection('mysql:host=127....', 'forge', '', Array)
#3 C:\\xampp\\htdocs\\worktech-master\\worktech-master\\vendor\\laravel\\framework\\src\\Illuminate\\Database\\Connectors\\MySqlConnector.php(24): Illuminate\\Database\\Connectors\\Connector->createConnection('mysql:host=127....', Array, Array)
#4 C:\\xampp\\htdocs\\worktech-master\\worktech-master\\vendor\\laravel\\framework\\src\\Illuminate\\Database\\Connectors\\ConnectionFactory.php(184): Illuminate\\Database\\Connectors\\MySqlConnector->connect(Array)
#5 [internal function]: Illuminate\\Database\\Connectors\\ConnectionFactory->Illuminate\\Database\\Connectors\\{closure}()
#6 C:\\xampp\\htdocs\\worktech-master\\worktech-master\\vendor\\laravel\\framework\\src\\Illuminate\\Database\\Connection.php(1064): call_user_func(Object(Closure))
#7 C:\\xampp\\htdocs\\worktech-master\\worktech-master\\vendor\\laravel\\framework\\src\\Illuminate\\Database\\Connection.php(1100): Illuminate\\Database\\Connection->getPdo()
#8 C:\\xampp\\htdocs\\worktech-master\\worktech-master\\vendor\\laravel\\framework\\src\\Illuminate\\Database\\Connection.php(442): Illuminate\\Database\\Connection->getReadPdo()
#9 C:\\xampp\\htdocs\\worktech-master\\worktech-master\\vendor\\laravel\\framework\\src\\Illuminate\\Database\\Connection.php(368): Illuminate\\Database\\Connection->getPdoForSelect(true)
#10 C:\\xampp\\htdocs\\worktech-master\\worktech-master\\vendor\\laravel\\framework\\src\\Illuminate\\Database\\Connection.php(705): Illuminate\\Database\\Connection->Illuminate\\Database\\{closure}('select count(*)...', Array)
#11 C:\\xampp\\htdocs\\worktech-master\\worktech-master\\vendor\\laravel\\framework\\src\\Illuminate\\Database\\Connection.php(672): Illuminate\\Database\\Connection->runQueryCallback('select count(*)...', Array, Object(Closure))
#12 C:\\xampp\\htdocs\\worktech-master\\worktech-master\\vendor\\laravel\\framework\\src\\Illuminate\\Database\\Connection.php(376): Illuminate\\Database\\Connection->run('select count(*)...', Array, Object(Closure))
#13 C:\\xampp\\htdocs\\worktech-master\\worktech-master\\vendor\\laravel\\framework\\src\\Illuminate\\Database\\Query\\Builder.php(2414): Illuminate\\Database\\Connection->select('select count(*)...', Array, true)
#14 C:\\xampp\\htdocs\\worktech-master\\worktech-master\\vendor\\laravel\\framework\\src\\Illuminate\\Database\\Query\\Builder.php(2402): Illuminate\\Database\\Query\\Builder->runSelect()
#15 C:\\xampp\\htdocs\\worktech-master\\worktech-master\\vendor\\laravel\\framework\\src\\Illuminate\\Database\\Query\\Builder.php(2936): Illuminate\\Database\\Query\\Builder->Illuminate\\Database\\Query\\{closure}()
#16 C:\\xampp\\htdocs\\worktech-master\\worktech-master\\vendor\\laravel\\framework\\src\\Illuminate\\Database\\Query\\Builder.php(2403): Illuminate\\Database\\Query\\Builder->onceWithColumns(Array, Object(Closure))
#17 C:\\xampp\\htdocs\\worktech-master\\worktech-master\\vendor\\laravel\\framework\\src\\Illuminate\\Database\\Query\\Builder.php(2863): Illuminate\\Database\\Query\\Builder->get(Array)
#18 C:\\xampp\\htdocs\\worktech-master\\worktech-master\\vendor\\laravel\\framework\\src\\Illuminate\\Database\\Query\\Builder.php(2791): Illuminate\\Database\\Query\\Builder->aggregate('count', Array)
#19 C:\\xampp\\htdocs\\worktech-master\\worktech-master\\vendor\\laravel\\telescope\\src\\Storage\\DatabaseEntriesRepository.php(123): Illuminate\\Database\\Query\\Builder->count()
#20 C:\\xampp\\htdocs\\worktech-master\\worktech-master\\vendor\\laravel\\telescope\\src\\Storage\\DatabaseEntriesRepository.php(165): Laravel\\Telescope\\Storage\\DatabaseEntriesRepository->countExceptionOccurences(Object(Laravel\\Telescope\\IncomingExceptionEntry))
#21 [internal function]: Laravel\\Telescope\\Storage\\DatabaseEntriesRepository->Laravel\\Telescope\\Storage\\{closure}(Object(Laravel\\Telescope\\IncomingExceptionEntry), 0)
#22 C:\\xampp\\htdocs\\worktech-master\\worktech-master\\vendor\\laravel\\framework\\src\\Illuminate\\Collections\\Collection.php(695): array_map(Object(Closure), Array, Array)
#23 C:\\xampp\\htdocs\\worktech-master\\worktech-master\\vendor\\laravel\\telescope\\src\\Storage\\DatabaseEntriesRepository.php(178): Illuminate\\Support\\Collection->map(Object(Closure))
#24 C:\\xampp\\htdocs\\worktech-master\\worktech-master\\vendor\\laravel\\framework\\src\\Illuminate\\Collections\\Traits\\EnumeratesValues.php(245): Laravel\\Telescope\\Storage\\DatabaseEntriesRepository->Laravel\\Telescope\\Storage\\{closure}(Object(Illuminate\\Support\\Collection), 0)
#25 C:\\xampp\\htdocs\\worktech-master\\worktech-master\\vendor\\laravel\\telescope\\src\\Storage\\DatabaseEntriesRepository.php(179): Illuminate\\Support\\Collection->each(Object(Closure))
#26 C:\\xampp\\htdocs\\worktech-master\\worktech-master\\vendor\\laravel\\telescope\\src\\Storage\\DatabaseEntriesRepository.php(140): Laravel\\Telescope\\Storage\\DatabaseEntriesRepository->storeExceptions(Object(Illuminate\\Support\\Collection))
#27 C:\\xampp\\htdocs\\worktech-master\\worktech-master\\vendor\\laravel\\telescope\\src\\Telescope.php(668): Laravel\\Telescope\\Storage\\DatabaseEntriesRepository->store(Object(Illuminate\\Support\\Collection))
#28 [internal function]: Laravel\\Telescope\\Telescope::Laravel\\Telescope\\{closure}()
#29 C:\\xampp\\htdocs\\worktech-master\\worktech-master\\vendor\\laravel\\telescope\\src\\Telescope.php(293): call_user_func(Object(Closure))
#30 C:\\xampp\\htdocs\\worktech-master\\worktech-master\\vendor\\laravel\\telescope\\src\\Telescope.php(686): Laravel\\Telescope\\Telescope::withoutRecording(Object(Closure))
#31 C:\\xampp\\htdocs\\worktech-master\\worktech-master\\vendor\\laravel\\telescope\\src\\ListensForStorageOpportunities.php(65): Laravel\\Telescope\\Telescope::store(Object(Laravel\\Telescope\\Storage\\DatabaseEntriesRepository))
#32 C:\\xampp\\htdocs\\worktech-master\\worktech-master\\vendor\\laravel\\framework\\src\\Illuminate\\Container\\BoundMethod.php(36): Laravel\\Telescope\\Telescope::Laravel\\Telescope\\{closure}()
#33 C:\\xampp\\htdocs\\worktech-master\\worktech-master\\vendor\\laravel\\framework\\src\\Illuminate\\Container\\Util.php(40): Illuminate\\Container\\BoundMethod::Illuminate\\Container\\{closure}()
#34 C:\\xampp\\htdocs\\worktech-master\\worktech-master\\vendor\\laravel\\framework\\src\\Illuminate\\Container\\BoundMethod.php(81): Illuminate\\Container\\Util::unwrapIfClosure(Object(Closure))
#35 C:\\xampp\\htdocs\\worktech-master\\worktech-master\\vendor\\laravel\\framework\\src\\Illuminate\\Container\\BoundMethod.php(37): Illuminate\\Container\\BoundMethod::callBoundMethod(Object(Illuminate\\Foundation\\Application), Object(Closure), Object(Closure))
#36 C:\\xampp\\htdocs\\worktech-master\\worktech-master\\vendor\\laravel\\framework\\src\\Illuminate\\Container\\Container.php(653): Illuminate\\Container\\BoundMethod::call(Object(Illuminate\\Foundation\\Application), Object(Closure), Array, NULL)
#37 C:\\xampp\\htdocs\\worktech-master\\worktech-master\\vendor\\laravel\\framework\\src\\Illuminate\\Foundation\\Application.php(1158): Illuminate\\Container\\Container->call(Object(Closure))
#38 C:\\xampp\\htdocs\\worktech-master\\worktech-master\\vendor\\laravel\\framework\\src\\Illuminate\\Foundation\\Console\\Kernel.php(148): Illuminate\\Foundation\\Application->terminate()
#39 C:\\xampp\\htdocs\\worktech-master\\worktech-master\\artisan(51): Illuminate\\Foundation\\Console\\Kernel->terminate(Object(Symfony\\Component\\Console\\Input\\ArgvInput), 1)
#40 {main}
"} 
[2024-11-04 12:36:01] production.ERROR: SQLSTATE[HY000] [1045] Access denied for user 'forge'@'localhost' (using password: NO) (SQL: select * from information_schema.tables where table_schema = forge and table_name = migrations and table_type = 'BASE TABLE') {"exception":"[object] (Illuminate\\Database\\QueryException(code: 1045): SQLSTATE[HY000] [1045] Access denied for user 'forge'@'localhost' (using password: NO) (SQL: select * from information_schema.tables where table_schema = forge and table_name = migrations and table_type = 'BASE TABLE') at C:\\xampp\\htdocs\\worktech-master\\worktech-master\\vendor\\laravel\\framework\\src\\Illuminate\\Database\\Connection.php:712)
[stacktrace]
#0 C:\\xampp\\htdocs\\worktech-master\\worktech-master\\vendor\\laravel\\framework\\src\\Illuminate\\Database\\Connection.php(672): Illuminate\\Database\\Connection->runQueryCallback('select * from i...', Array, Object(Closure))
#1 C:\\xampp\\htdocs\\worktech-master\\worktech-master\\vendor\\laravel\\framework\\src\\Illuminate\\Database\\Connection.php(376): Illuminate\\Database\\Connection->run('select * from i...', Array, Object(Closure))
#2 C:\\xampp\\htdocs\\worktech-master\\worktech-master\\vendor\\laravel\\framework\\src\\Illuminate\\Database\\Schema\\MySqlBuilder.php(44): Illuminate\\Database\\Connection->select('select * from i...', Array)
#3 C:\\xampp\\htdocs\\worktech-master\\worktech-master\\vendor\\laravel\\framework\\src\\Illuminate\\Database\\Migrations\\DatabaseMigrationRepository.php(169): Illuminate\\Database\\Schema\\MySqlBuilder->hasTable('migrations')
#4 C:\\xampp\\htdocs\\worktech-master\\worktech-master\\vendor\\laravel\\framework\\src\\Illuminate\\Database\\Migrations\\Migrator.php(673): Illuminate\\Database\\Migrations\\DatabaseMigrationRepository->repositoryExists()
#5 C:\\xampp\\htdocs\\worktech-master\\worktech-master\\vendor\\laravel\\framework\\src\\Illuminate\\Database\\Console\\Migrations\\MigrateCommand.php(110): Illuminate\\Database\\Migrations\\Migrator->repositoryExists()
#6 C:\\xampp\\htdocs\\worktech-master\\worktech-master\\vendor\\laravel\\framework\\src\\Illuminate\\Database\\Console\\Migrations\\MigrateCommand.php(78): Illuminate\\Database\\Console\\Migrations\\MigrateCommand->prepareDatabase()
#7 C:\\xampp\\htdocs\\worktech-master\\worktech-master\\vendor\\laravel\\framework\\src\\Illuminate\\Database\\Migrations\\Migrator.php(606): Illuminate\\Database\\Console\\Migrations\\MigrateCommand->Illuminate\\Database\\Console\\Migrations\\{closure}()
#8 C:\\xampp\\htdocs\\worktech-master\\worktech-master\\vendor\\laravel\\framework\\src\\Illuminate\\Database\\Console\\Migrations\\MigrateCommand.php(98): Illuminate\\Database\\Migrations\\Migrator->usingConnection(NULL, Object(Closure))
#9 C:\\xampp\\htdocs\\worktech-master\\worktech-master\\vendor\\laravel\\framework\\src\\Illuminate\\Container\\BoundMethod.php(36): Illuminate\\Database\\Console\\Migrations\\MigrateCommand->handle()
#10 C:\\xampp\\htdocs\\worktech-master\\worktech-master\\vendor\\laravel\\framework\\src\\Illuminate\\Container\\Util.php(40): Illuminate\\Container\\BoundMethod::Illuminate\\Container\\{closure}()
#11 C:\\xampp\\htdocs\\worktech-master\\worktech-master\\vendor\\laravel\\framework\\src\\Illuminate\\Container\\BoundMethod.php(93): Illuminate\\Container\\Util::unwrapIfClosure(Object(Closure))
#12 C:\\xampp\\htdocs\\worktech-master\\worktech-master\\vendor\\laravel\\framework\\src\\Illuminate\\Container\\BoundMethod.php(37): Illuminate\\Container\\BoundMethod::callBoundMethod(Object(Illuminate\\Foundation\\Application), Array, Object(Closure))
#13 C:\\xampp\\htdocs\\worktech-master\\worktech-master\\vendor\\laravel\\framework\\src\\Illuminate\\Container\\Container.php(653): Illuminate\\Container\\BoundMethod::call(Object(Illuminate\\Foundation\\Application), Array, Array, NULL)
#14 C:\\xampp\\htdocs\\worktech-master\\worktech-master\\vendor\\laravel\\framework\\src\\Illuminate\\Console\\Command.php(136): Illuminate\\Container\\Container->call(Array)
#15 C:\\xampp\\htdocs\\worktech-master\\worktech-master\\vendor\\symfony\\console\\Command\\Command.php(298): Illuminate\\Console\\Command->execute(Object(Symfony\\Component\\Console\\Input\\ArgvInput), Object(Illuminate\\Console\\OutputStyle))
#16 C:\\xampp\\htdocs\\worktech-master\\worktech-master\\vendor\\laravel\\framework\\src\\Illuminate\\Console\\Command.php(121): Symfony\\Component\\Console\\Command\\Command->run(Object(Symfony\\Component\\Console\\Input\\ArgvInput), Object(Illuminate\\Console\\OutputStyle))
#17 C:\\xampp\\htdocs\\worktech-master\\worktech-master\\vendor\\symfony\\console\\Application.php(1040): Illuminate\\Console\\Command->run(Object(Symfony\\Component\\Console\\Input\\ArgvInput), Object(Symfony\\Component\\Console\\Output\\ConsoleOutput))
#18 C:\\xampp\\htdocs\\worktech-master\\worktech-master\\vendor\\symfony\\console\\Application.php(301): Symfony\\Component\\Console\\Application->doRunCommand(Object(Illuminate\\Database\\Console\\Migrations\\MigrateCommand), Object(Symfony\\Component\\Console\\Input\\ArgvInput), Object(Symfony\\Component\\Console\\Output\\ConsoleOutput))
#19 C:\\xampp\\htdocs\\worktech-master\\worktech-master\\vendor\\symfony\\console\\Application.php(171): Symfony\\Component\\Console\\Application->doRun(Object(Symfony\\Component\\Console\\Input\\ArgvInput), Object(Symfony\\Component\\Console\\Output\\ConsoleOutput))
#20 C:\\xampp\\htdocs\\worktech-master\\worktech-master\\vendor\\laravel\\framework\\src\\Illuminate\\Console\\Application.php(94): Symfony\\Component\\Console\\Application->run(Object(Symfony\\Component\\Console\\Input\\ArgvInput), Object(Symfony\\Component\\Console\\Output\\ConsoleOutput))
#21 C:\\xampp\\htdocs\\worktech-master\\worktech-master\\vendor\\laravel\\framework\\src\\Illuminate\\Foundation\\Console\\Kernel.php(129): Illuminate\\Console\\Application->run(Object(Symfony\\Component\\Console\\Input\\ArgvInput), Object(Symfony\\Component\\Console\\Output\\ConsoleOutput))
#22 C:\\xampp\\htdocs\\worktech-master\\worktech-master\\artisan(37): Illuminate\\Foundation\\Console\\Kernel->handle(Object(Symfony\\Component\\Console\\Input\\ArgvInput), Object(Symfony\\Component\\Console\\Output\\ConsoleOutput))
#23 {main}

[previous exception] [object] (Doctrine\\DBAL\\Driver\\PDO\\Exception(code: 1045): SQLSTATE[HY000] [1045] Access denied for user 'forge'@'localhost' (using password: NO) at C:\\xampp\\htdocs\\worktech-master\\worktech-master\\vendor\\doctrine\\dbal\\lib\\Doctrine\\DBAL\\Driver\\PDO\\Exception.php:18)
[stacktrace]
#0 C:\\xampp\\htdocs\\worktech-master\\worktech-master\\vendor\\doctrine\\dbal\\lib\\Doctrine\\DBAL\\Driver\\PDOConnection.php(44): Doctrine\\DBAL\\Driver\\PDO\\Exception::new(Object(PDOException))
#1 C:\\xampp\\htdocs\\worktech-master\\worktech-master\\vendor\\laravel\\framework\\src\\Illuminate\\Database\\Connectors\\Connector.php(67): Doctrine\\DBAL\\Driver\\PDOConnection->__construct('mysql:host=127....', 'forge', '', Array)
#2 C:\\xampp\\htdocs\\worktech-master\\worktech-master\\vendor\\laravel\\framework\\src\\Illuminate\\Database\\Connectors\\Connector.php(46): Illuminate\\Database\\Connectors\\Connector->createPdoConnection('mysql:host=127....', 'forge', '', Array)
#3 C:\\xampp\\htdocs\\worktech-master\\worktech-master\\vendor\\laravel\\framework\\src\\Illuminate\\Database\\Connectors\\MySqlConnector.php(24): Illuminate\\Database\\Connectors\\Connector->createConnection('mysql:host=127....', Array, Array)
#4 C:\\xampp\\htdocs\\worktech-master\\worktech-master\\vendor\\laravel\\framework\\src\\Illuminate\\Database\\Connectors\\ConnectionFactory.php(184): Illuminate\\Database\\Connectors\\MySqlConnector->connect(Array)
#5 [internal function]: Illuminate\\Database\\Connectors\\ConnectionFactory->Illuminate\\Database\\Connectors\\{closure}()
#6 C:\\xampp\\htdocs\\worktech-master\\worktech-master\\vendor\\laravel\\framework\\src\\Illuminate\\Database\\Connection.php(1064): call_user_func(Object(Closure))
#7 C:\\xampp\\htdocs\\worktech-master\\worktech-master\\vendor\\laravel\\framework\\src\\Illuminate\\Database\\Connection.php(1100): Illuminate\\Database\\Connection->getPdo()
#8 C:\\xampp\\htdocs\\worktech-master\\worktech-master\\vendor\\laravel\\framework\\src\\Illuminate\\Database\\Connection.php(442): Illuminate\\Database\\Connection->getReadPdo()
#9 C:\\xampp\\htdocs\\worktech-master\\worktech-master\\vendor\\laravel\\framework\\src\\Illuminate\\Database\\Connection.php(368): Illuminate\\Database\\Connection->getPdoForSelect(true)
#10 C:\\xampp\\htdocs\\worktech-master\\worktech-master\\vendor\\laravel\\framework\\src\\Illuminate\\Database\\Connection.php(705): Illuminate\\Database\\Connection->Illuminate\\Database\\{closure}('select * from i...', Array)
#11 C:\\xampp\\htdocs\\worktech-master\\worktech-master\\vendor\\laravel\\framework\\src\\Illuminate\\Database\\Connection.php(672): Illuminate\\Database\\Connection->runQueryCallback('select * from i...', Array, Object(Closure))
#12 C:\\xampp\\htdocs\\worktech-master\\worktech-master\\vendor\\laravel\\framework\\src\\Illuminate\\Database\\Connection.php(376): Illuminate\\Database\\Connection->run('select * from i...', Array, Object(Closure))
#13 C:\\xampp\\htdocs\\worktech-master\\worktech-master\\vendor\\laravel\\framework\\src\\Illuminate\\Database\\Schema\\MySqlBuilder.php(44): Illuminate\\Database\\Connection->select('select * from i...', Array)
#14 C:\\xampp\\htdocs\\worktech-master\\worktech-master\\vendor\\laravel\\framework\\src\\Illuminate\\Database\\Migrations\\DatabaseMigrationRepository.php(169): Illuminate\\Database\\Schema\\MySqlBuilder->hasTable('migrations')
#15 C:\\xampp\\htdocs\\worktech-master\\worktech-master\\vendor\\laravel\\framework\\src\\Illuminate\\Database\\Migrations\\Migrator.php(673): Illuminate\\Database\\Migrations\\DatabaseMigrationRepository->repositoryExists()
#16 C:\\xampp\\htdocs\\worktech-master\\worktech-master\\vendor\\laravel\\framework\\src\\Illuminate\\Database\\Console\\Migrations\\MigrateCommand.php(110): Illuminate\\Database\\Migrations\\Migrator->repositoryExists()
#17 C:\\xampp\\htdocs\\worktech-master\\worktech-master\\vendor\\laravel\\framework\\src\\Illuminate\\Database\\Console\\Migrations\\MigrateCommand.php(78): Illuminate\\Database\\Console\\Migrations\\MigrateCommand->prepareDatabase()
#18 C:\\xampp\\htdocs\\worktech-master\\worktech-master\\vendor\\laravel\\framework\\src\\Illuminate\\Database\\Migrations\\Migrator.php(606): Illuminate\\Database\\Console\\Migrations\\MigrateCommand->Illuminate\\Database\\Console\\Migrations\\{closure}()
#19 C:\\xampp\\htdocs\\worktech-master\\worktech-master\\vendor\\laravel\\framework\\src\\Illuminate\\Database\\Console\\Migrations\\MigrateCommand.php(98): Illuminate\\Database\\Migrations\\Migrator->usingConnection(NULL, Object(Closure))
#20 C:\\xampp\\htdocs\\worktech-master\\worktech-master\\vendor\\laravel\\framework\\src\\Illuminate\\Container\\BoundMethod.php(36): Illuminate\\Database\\Console\\Migrations\\MigrateCommand->handle()
#21 C:\\xampp\\htdocs\\worktech-master\\worktech-master\\vendor\\laravel\\framework\\src\\Illuminate\\Container\\Util.php(40): Illuminate\\Container\\BoundMethod::Illuminate\\Container\\{closure}()
#22 C:\\xampp\\htdocs\\worktech-master\\worktech-master\\vendor\\laravel\\framework\\src\\Illuminate\\Container\\BoundMethod.php(93): Illuminate\\Container\\Util::unwrapIfClosure(Object(Closure))
#23 C:\\xampp\\htdocs\\worktech-master\\worktech-master\\vendor\\laravel\\framework\\src\\Illuminate\\Container\\BoundMethod.php(37): Illuminate\\Container\\BoundMethod::callBoundMethod(Object(Illuminate\\Foundation\\Application), Array, Object(Closure))
#24 C:\\xampp\\htdocs\\worktech-master\\worktech-master\\vendor\\laravel\\framework\\src\\Illuminate\\Container\\Container.php(653): Illuminate\\Container\\BoundMethod::call(Object(Illuminate\\Foundation\\Application), Array, Array, NULL)
#25 C:\\xampp\\htdocs\\worktech-master\\worktech-master\\vendor\\laravel\\framework\\src\\Illuminate\\Console\\Command.php(136): Illuminate\\Container\\Container->call(Array)
#26 C:\\xampp\\htdocs\\worktech-master\\worktech-master\\vendor\\symfony\\console\\Command\\Command.php(298): Illuminate\\Console\\Command->execute(Object(Symfony\\Component\\Console\\Input\\ArgvInput), Object(Illuminate\\Console\\OutputStyle))
#27 C:\\xampp\\htdocs\\worktech-master\\worktech-master\\vendor\\laravel\\framework\\src\\Illuminate\\Console\\Command.php(121): Symfony\\Component\\Console\\Command\\Command->run(Object(Symfony\\Component\\Console\\Input\\ArgvInput), Object(Illuminate\\Console\\OutputStyle))
#28 C:\\xampp\\htdocs\\worktech-master\\worktech-master\\vendor\\symfony\\console\\Application.php(1040): Illuminate\\Console\\Command->run(Object(Symfony\\Component\\Console\\Input\\ArgvInput), Object(Symfony\\Component\\Console\\Output\\ConsoleOutput))
#29 C:\\xampp\\htdocs\\worktech-master\\worktech-master\\vendor\\symfony\\console\\Application.php(301): Symfony\\Component\\Console\\Application->doRunCommand(Object(Illuminate\\Database\\Console\\Migrations\\MigrateCommand), Object(Symfony\\Component\\Console\\Input\\ArgvInput), Object(Symfony\\Component\\Console\\Output\\ConsoleOutput))
#30 C:\\xampp\\htdocs\\worktech-master\\worktech-master\\vendor\\symfony\\console\\Application.php(171): Symfony\\Component\\Console\\Application->doRun(Object(Symfony\\Component\\Console\\Input\\ArgvInput), Object(Symfony\\Component\\Console\\Output\\ConsoleOutput))
#31 C:\\xampp\\htdocs\\worktech-master\\worktech-master\\vendor\\laravel\\framework\\src\\Illuminate\\Console\\Application.php(94): Symfony\\Component\\Console\\Application->run(Object(Symfony\\Component\\Console\\Input\\ArgvInput), Object(Symfony\\Component\\Console\\Output\\ConsoleOutput))
#32 C:\\xampp\\htdocs\\worktech-master\\worktech-master\\vendor\\laravel\\framework\\src\\Illuminate\\Foundation\\Console\\Kernel.php(129): Illuminate\\Console\\Application->run(Object(Symfony\\Component\\Console\\Input\\ArgvInput), Object(Symfony\\Component\\Console\\Output\\ConsoleOutput))
#33 C:\\xampp\\htdocs\\worktech-master\\worktech-master\\artisan(37): Illuminate\\Foundation\\Console\\Kernel->handle(Object(Symfony\\Component\\Console\\Input\\ArgvInput), Object(Symfony\\Component\\Console\\Output\\ConsoleOutput))
#34 {main}

[previous exception] [object] (PDOException(code: 1045): SQLSTATE[HY000] [1045] Access denied for user 'forge'@'localhost' (using password: NO) at C:\\xampp\\htdocs\\worktech-master\\worktech-master\\vendor\\doctrine\\dbal\\lib\\Doctrine\\DBAL\\Driver\\PDOConnection.php:40)
[stacktrace]
#0 C:\\xampp\\htdocs\\worktech-master\\worktech-master\\vendor\\doctrine\\dbal\\lib\\Doctrine\\DBAL\\Driver\\PDOConnection.php(40): PDO->__construct('mysql:host=127....', 'forge', '', Array)
#1 C:\\xampp\\htdocs\\worktech-master\\worktech-master\\vendor\\laravel\\framework\\src\\Illuminate\\Database\\Connectors\\Connector.php(67): Doctrine\\DBAL\\Driver\\PDOConnection->__construct('mysql:host=127....', 'forge', '', Array)
#2 C:\\xampp\\htdocs\\worktech-master\\worktech-master\\vendor\\laravel\\framework\\src\\Illuminate\\Database\\Connectors\\Connector.php(46): Illuminate\\Database\\Connectors\\Connector->createPdoConnection('mysql:host=127....', 'forge', '', Array)
#3 C:\\xampp\\htdocs\\worktech-master\\worktech-master\\vendor\\laravel\\framework\\src\\Illuminate\\Database\\Connectors\\MySqlConnector.php(24): Illuminate\\Database\\Connectors\\Connector->createConnection('mysql:host=127....', Array, Array)
#4 C:\\xampp\\htdocs\\worktech-master\\worktech-master\\vendor\\laravel\\framework\\src\\Illuminate\\Database\\Connectors\\ConnectionFactory.php(184): Illuminate\\Database\\Connectors\\MySqlConnector->connect(Array)
#5 [internal function]: Illuminate\\Database\\Connectors\\ConnectionFactory->Illuminate\\Database\\Connectors\\{closure}()
#6 C:\\xampp\\htdocs\\worktech-master\\worktech-master\\vendor\\laravel\\framework\\src\\Illuminate\\Database\\Connection.php(1064): call_user_func(Object(Closure))
#7 C:\\xampp\\htdocs\\worktech-master\\worktech-master\\vendor\\laravel\\framework\\src\\Illuminate\\Database\\Connection.php(1100): Illuminate\\Database\\Connection->getPdo()
#8 C:\\xampp\\htdocs\\worktech-master\\worktech-master\\vendor\\laravel\\framework\\src\\Illuminate\\Database\\Connection.php(442): Illuminate\\Database\\Connection->getReadPdo()
#9 C:\\xampp\\htdocs\\worktech-master\\worktech-master\\vendor\\laravel\\framework\\src\\Illuminate\\Database\\Connection.php(368): Illuminate\\Database\\Connection->getPdoForSelect(true)
#10 C:\\xampp\\htdocs\\worktech-master\\worktech-master\\vendor\\laravel\\framework\\src\\Illuminate\\Database\\Connection.php(705): Illuminate\\Database\\Connection->Illuminate\\Database\\{closure}('select * from i...', Array)
#11 C:\\xampp\\htdocs\\worktech-master\\worktech-master\\vendor\\laravel\\framework\\src\\Illuminate\\Database\\Connection.php(672): Illuminate\\Database\\Connection->runQueryCallback('select * from i...', Array, Object(Closure))
#12 C:\\xampp\\htdocs\\worktech-master\\worktech-master\\vendor\\laravel\\framework\\src\\Illuminate\\Database\\Connection.php(376): Illuminate\\Database\\Connection->run('select * from i...', Array, Object(Closure))
#13 C:\\xampp\\htdocs\\worktech-master\\worktech-master\\vendor\\laravel\\framework\\src\\Illuminate\\Database\\Schema\\MySqlBuilder.php(44): Illuminate\\Database\\Connection->select('select * from i...', Array)
#14 C:\\xampp\\htdocs\\worktech-master\\worktech-master\\vendor\\laravel\\framework\\src\\Illuminate\\Database\\Migrations\\DatabaseMigrationRepository.php(169): Illuminate\\Database\\Schema\\MySqlBuilder->hasTable('migrations')
#15 C:\\xampp\\htdocs\\worktech-master\\worktech-master\\vendor\\laravel\\framework\\src\\Illuminate\\Database\\Migrations\\Migrator.php(673): Illuminate\\Database\\Migrations\\DatabaseMigrationRepository->repositoryExists()
#16 C:\\xampp\\htdocs\\worktech-master\\worktech-master\\vendor\\laravel\\framework\\src\\Illuminate\\Database\\Console\\Migrations\\MigrateCommand.php(110): Illuminate\\Database\\Migrations\\Migrator->repositoryExists()
#17 C:\\xampp\\htdocs\\worktech-master\\worktech-master\\vendor\\laravel\\framework\\src\\Illuminate\\Database\\Console\\Migrations\\MigrateCommand.php(78): Illuminate\\Database\\Console\\Migrations\\MigrateCommand->prepareDatabase()
#18 C:\\xampp\\htdocs\\worktech-master\\worktech-master\\vendor\\laravel\\framework\\src\\Illuminate\\Database\\Migrations\\Migrator.php(606): Illuminate\\Database\\Console\\Migrations\\MigrateCommand->Illuminate\\Database\\Console\\Migrations\\{closure}()
#19 C:\\xampp\\htdocs\\worktech-master\\worktech-master\\vendor\\laravel\\framework\\src\\Illuminate\\Database\\Console\\Migrations\\MigrateCommand.php(98): Illuminate\\Database\\Migrations\\Migrator->usingConnection(NULL, Object(Closure))
#20 C:\\xampp\\htdocs\\worktech-master\\worktech-master\\vendor\\laravel\\framework\\src\\Illuminate\\Container\\BoundMethod.php(36): Illuminate\\Database\\Console\\Migrations\\MigrateCommand->handle()
#21 C:\\xampp\\htdocs\\worktech-master\\worktech-master\\vendor\\laravel\\framework\\src\\Illuminate\\Container\\Util.php(40): Illuminate\\Container\\BoundMethod::Illuminate\\Container\\{closure}()
#22 C:\\xampp\\htdocs\\worktech-master\\worktech-master\\vendor\\laravel\\framework\\src\\Illuminate\\Container\\BoundMethod.php(93): Illuminate\\Container\\Util::unwrapIfClosure(Object(Closure))
#23 C:\\xampp\\htdocs\\worktech-master\\worktech-master\\vendor\\laravel\\framework\\src\\Illuminate\\Container\\BoundMethod.php(37): Illuminate\\Container\\BoundMethod::callBoundMethod(Object(Illuminate\\Foundation\\Application), Array, Object(Closure))
#24 C:\\xampp\\htdocs\\worktech-master\\worktech-master\\vendor\\laravel\\framework\\src\\Illuminate\\Container\\Container.php(653): Illuminate\\Container\\BoundMethod::call(Object(Illuminate\\Foundation\\Application), Array, Array, NULL)
#25 C:\\xampp\\htdocs\\worktech-master\\worktech-master\\vendor\\laravel\\framework\\src\\Illuminate\\Console\\Command.php(136): Illuminate\\Container\\Container->call(Array)
#26 C:\\xampp\\htdocs\\worktech-master\\worktech-master\\vendor\\symfony\\console\\Command\\Command.php(298): Illuminate\\Console\\Command->execute(Object(Symfony\\Component\\Console\\Input\\ArgvInput), Object(Illuminate\\Console\\OutputStyle))
#27 C:\\xampp\\htdocs\\worktech-master\\worktech-master\\vendor\\laravel\\framework\\src\\Illuminate\\Console\\Command.php(121): Symfony\\Component\\Console\\Command\\Command->run(Object(Symfony\\Component\\Console\\Input\\ArgvInput), Object(Illuminate\\Console\\OutputStyle))
#28 C:\\xampp\\htdocs\\worktech-master\\worktech-master\\vendor\\symfony\\console\\Application.php(1040): Illuminate\\Console\\Command->run(Object(Symfony\\Component\\Console\\Input\\ArgvInput), Object(Symfony\\Component\\Console\\Output\\ConsoleOutput))
#29 C:\\xampp\\htdocs\\worktech-master\\worktech-master\\vendor\\symfony\\console\\Application.php(301): Symfony\\Component\\Console\\Application->doRunCommand(Object(Illuminate\\Database\\Console\\Migrations\\MigrateCommand), Object(Symfony\\Component\\Console\\Input\\ArgvInput), Object(Symfony\\Component\\Console\\Output\\ConsoleOutput))
#30 C:\\xampp\\htdocs\\worktech-master\\worktech-master\\vendor\\symfony\\console\\Application.php(171): Symfony\\Component\\Console\\Application->doRun(Object(Symfony\\Component\\Console\\Input\\ArgvInput), Object(Symfony\\Component\\Console\\Output\\ConsoleOutput))
#31 C:\\xampp\\htdocs\\worktech-master\\worktech-master\\vendor\\laravel\\framework\\src\\Illuminate\\Console\\Application.php(94): Symfony\\Component\\Console\\Application->run(Object(Symfony\\Component\\Console\\Input\\ArgvInput), Object(Symfony\\Component\\Console\\Output\\ConsoleOutput))
#32 C:\\xampp\\htdocs\\worktech-master\\worktech-master\\vendor\\laravel\\framework\\src\\Illuminate\\Foundation\\Console\\Kernel.php(129): Illuminate\\Console\\Application->run(Object(Symfony\\Component\\Console\\Input\\ArgvInput), Object(Symfony\\Component\\Console\\Output\\ConsoleOutput))
#33 C:\\xampp\\htdocs\\worktech-master\\worktech-master\\artisan(37): Illuminate\\Foundation\\Console\\Kernel->handle(Object(Symfony\\Component\\Console\\Input\\ArgvInput), Object(Symfony\\Component\\Console\\Output\\ConsoleOutput))
#34 {main}
"} 
[2024-11-04 12:36:01] production.ERROR: SQLSTATE[HY000] [1045] Access denied for user 'forge'@'localhost' (using password: NO) (SQL: select count(*) as aggregate from `telescope_entries` where `type` = exception and `family_hash` = b05257324af9cbaa3c30416953011bf6) {"exception":"[object] (Illuminate\\Database\\QueryException(code: 1045): SQLSTATE[HY000] [1045] Access denied for user 'forge'@'localhost' (using password: NO) (SQL: select count(*) as aggregate from `telescope_entries` where `type` = exception and `family_hash` = b05257324af9cbaa3c30416953011bf6) at C:\\xampp\\htdocs\\worktech-master\\worktech-master\\vendor\\laravel\\framework\\src\\Illuminate\\Database\\Connection.php:712)
[stacktrace]
#0 C:\\xampp\\htdocs\\worktech-master\\worktech-master\\vendor\\laravel\\framework\\src\\Illuminate\\Database\\Connection.php(672): Illuminate\\Database\\Connection->runQueryCallback('select count(*)...', Array, Object(Closure))
#1 C:\\xampp\\htdocs\\worktech-master\\worktech-master\\vendor\\laravel\\framework\\src\\Illuminate\\Database\\Connection.php(376): Illuminate\\Database\\Connection->run('select count(*)...', Array, Object(Closure))
#2 C:\\xampp\\htdocs\\worktech-master\\worktech-master\\vendor\\laravel\\framework\\src\\Illuminate\\Database\\Query\\Builder.php(2414): Illuminate\\Database\\Connection->select('select count(*)...', Array, true)
#3 C:\\xampp\\htdocs\\worktech-master\\worktech-master\\vendor\\laravel\\framework\\src\\Illuminate\\Database\\Query\\Builder.php(2402): Illuminate\\Database\\Query\\Builder->runSelect()
#4 C:\\xampp\\htdocs\\worktech-master\\worktech-master\\vendor\\laravel\\framework\\src\\Illuminate\\Database\\Query\\Builder.php(2936): Illuminate\\Database\\Query\\Builder->Illuminate\\Database\\Query\\{closure}()
#5 C:\\xampp\\htdocs\\worktech-master\\worktech-master\\vendor\\laravel\\framework\\src\\Illuminate\\Database\\Query\\Builder.php(2403): Illuminate\\Database\\Query\\Builder->onceWithColumns(Array, Object(Closure))
#6 C:\\xampp\\htdocs\\worktech-master\\worktech-master\\vendor\\laravel\\framework\\src\\Illuminate\\Database\\Query\\Builder.php(2863): Illuminate\\Database\\Query\\Builder->get(Array)
#7 C:\\xampp\\htdocs\\worktech-master\\worktech-master\\vendor\\laravel\\framework\\src\\Illuminate\\Database\\Query\\Builder.php(2791): Illuminate\\Database\\Query\\Builder->aggregate('count', Array)
#8 C:\\xampp\\htdocs\\worktech-master\\worktech-master\\vendor\\laravel\\telescope\\src\\Storage\\DatabaseEntriesRepository.php(123): Illuminate\\Database\\Query\\Builder->count()
#9 C:\\xampp\\htdocs\\worktech-master\\worktech-master\\vendor\\laravel\\telescope\\src\\Storage\\DatabaseEntriesRepository.php(165): Laravel\\Telescope\\Storage\\DatabaseEntriesRepository->countExceptionOccurences(Object(Laravel\\Telescope\\IncomingExceptionEntry))
#10 [internal function]: Laravel\\Telescope\\Storage\\DatabaseEntriesRepository->Laravel\\Telescope\\Storage\\{closure}(Object(Laravel\\Telescope\\IncomingExceptionEntry), 0)
#11 C:\\xampp\\htdocs\\worktech-master\\worktech-master\\vendor\\laravel\\framework\\src\\Illuminate\\Collections\\Collection.php(695): array_map(Object(Closure), Array, Array)
#12 C:\\xampp\\htdocs\\worktech-master\\worktech-master\\vendor\\laravel\\telescope\\src\\Storage\\DatabaseEntriesRepository.php(178): Illuminate\\Support\\Collection->map(Object(Closure))
#13 C:\\xampp\\htdocs\\worktech-master\\worktech-master\\vendor\\laravel\\framework\\src\\Illuminate\\Collections\\Traits\\EnumeratesValues.php(245): Laravel\\Telescope\\Storage\\DatabaseEntriesRepository->Laravel\\Telescope\\Storage\\{closure}(Object(Illuminate\\Support\\Collection), 0)
#14 C:\\xampp\\htdocs\\worktech-master\\worktech-master\\vendor\\laravel\\telescope\\src\\Storage\\DatabaseEntriesRepository.php(179): Illuminate\\Support\\Collection->each(Object(Closure))
#15 C:\\xampp\\htdocs\\worktech-master\\worktech-master\\vendor\\laravel\\telescope\\src\\Storage\\DatabaseEntriesRepository.php(140): Laravel\\Telescope\\Storage\\DatabaseEntriesRepository->storeExceptions(Object(Illuminate\\Support\\Collection))
#16 C:\\xampp\\htdocs\\worktech-master\\worktech-master\\vendor\\laravel\\telescope\\src\\Telescope.php(668): Laravel\\Telescope\\Storage\\DatabaseEntriesRepository->store(Object(Illuminate\\Support\\Collection))
#17 [internal function]: Laravel\\Telescope\\Telescope::Laravel\\Telescope\\{closure}()
#18 C:\\xampp\\htdocs\\worktech-master\\worktech-master\\vendor\\laravel\\telescope\\src\\Telescope.php(293): call_user_func(Object(Closure))
#19 C:\\xampp\\htdocs\\worktech-master\\worktech-master\\vendor\\laravel\\telescope\\src\\Telescope.php(686): Laravel\\Telescope\\Telescope::withoutRecording(Object(Closure))
#20 C:\\xampp\\htdocs\\worktech-master\\worktech-master\\vendor\\laravel\\telescope\\src\\ListensForStorageOpportunities.php(65): Laravel\\Telescope\\Telescope::store(Object(Laravel\\Telescope\\Storage\\DatabaseEntriesRepository))
#21 C:\\xampp\\htdocs\\worktech-master\\worktech-master\\vendor\\laravel\\framework\\src\\Illuminate\\Container\\BoundMethod.php(36): Laravel\\Telescope\\Telescope::Laravel\\Telescope\\{closure}()
#22 C:\\xampp\\htdocs\\worktech-master\\worktech-master\\vendor\\laravel\\framework\\src\\Illuminate\\Container\\Util.php(40): Illuminate\\Container\\BoundMethod::Illuminate\\Container\\{closure}()
#23 C:\\xampp\\htdocs\\worktech-master\\worktech-master\\vendor\\laravel\\framework\\src\\Illuminate\\Container\\BoundMethod.php(81): Illuminate\\Container\\Util::unwrapIfClosure(Object(Closure))
#24 C:\\xampp\\htdocs\\worktech-master\\worktech-master\\vendor\\laravel\\framework\\src\\Illuminate\\Container\\BoundMethod.php(37): Illuminate\\Container\\BoundMethod::callBoundMethod(Object(Illuminate\\Foundation\\Application), Object(Closure), Object(Closure))
#25 C:\\xampp\\htdocs\\worktech-master\\worktech-master\\vendor\\laravel\\framework\\src\\Illuminate\\Container\\Container.php(653): Illuminate\\Container\\BoundMethod::call(Object(Illuminate\\Foundation\\Application), Object(Closure), Array, NULL)
#26 C:\\xampp\\htdocs\\worktech-master\\worktech-master\\vendor\\laravel\\framework\\src\\Illuminate\\Foundation\\Application.php(1158): Illuminate\\Container\\Container->call(Object(Closure))
#27 C:\\xampp\\htdocs\\worktech-master\\worktech-master\\vendor\\laravel\\framework\\src\\Illuminate\\Foundation\\Console\\Kernel.php(148): Illuminate\\Foundation\\Application->terminate()
#28 C:\\xampp\\htdocs\\worktech-master\\worktech-master\\artisan(51): Illuminate\\Foundation\\Console\\Kernel->terminate(Object(Symfony\\Component\\Console\\Input\\ArgvInput), 1)
#29 {main}

[previous exception] [object] (Doctrine\\DBAL\\Driver\\PDO\\Exception(code: 1045): SQLSTATE[HY000] [1045] Access denied for user 'forge'@'localhost' (using password: NO) at C:\\xampp\\htdocs\\worktech-master\\worktech-master\\vendor\\doctrine\\dbal\\lib\\Doctrine\\DBAL\\Driver\\PDO\\Exception.php:18)
[stacktrace]
#0 C:\\xampp\\htdocs\\worktech-master\\worktech-master\\vendor\\doctrine\\dbal\\lib\\Doctrine\\DBAL\\Driver\\PDOConnection.php(44): Doctrine\\DBAL\\Driver\\PDO\\Exception::new(Object(PDOException))
#1 C:\\xampp\\htdocs\\worktech-master\\worktech-master\\vendor\\laravel\\framework\\src\\Illuminate\\Database\\Connectors\\Connector.php(67): Doctrine\\DBAL\\Driver\\PDOConnection->__construct('mysql:host=127....', 'forge', '', Array)
#2 C:\\xampp\\htdocs\\worktech-master\\worktech-master\\vendor\\laravel\\framework\\src\\Illuminate\\Database\\Connectors\\Connector.php(46): Illuminate\\Database\\Connectors\\Connector->createPdoConnection('mysql:host=127....', 'forge', '', Array)
#3 C:\\xampp\\htdocs\\worktech-master\\worktech-master\\vendor\\laravel\\framework\\src\\Illuminate\\Database\\Connectors\\MySqlConnector.php(24): Illuminate\\Database\\Connectors\\Connector->createConnection('mysql:host=127....', Array, Array)
#4 C:\\xampp\\htdocs\\worktech-master\\worktech-master\\vendor\\laravel\\framework\\src\\Illuminate\\Database\\Connectors\\ConnectionFactory.php(184): Illuminate\\Database\\Connectors\\MySqlConnector->connect(Array)
#5 [internal function]: Illuminate\\Database\\Connectors\\ConnectionFactory->Illuminate\\Database\\Connectors\\{closure}()
#6 C:\\xampp\\htdocs\\worktech-master\\worktech-master\\vendor\\laravel\\framework\\src\\Illuminate\\Database\\Connection.php(1064): call_user_func(Object(Closure))
#7 C:\\xampp\\htdocs\\worktech-master\\worktech-master\\vendor\\laravel\\framework\\src\\Illuminate\\Database\\Connection.php(1100): Illuminate\\Database\\Connection->getPdo()
#8 C:\\xampp\\htdocs\\worktech-master\\worktech-master\\vendor\\laravel\\framework\\src\\Illuminate\\Database\\Connection.php(442): Illuminate\\Database\\Connection->getReadPdo()
#9 C:\\xampp\\htdocs\\worktech-master\\worktech-master\\vendor\\laravel\\framework\\src\\Illuminate\\Database\\Connection.php(368): Illuminate\\Database\\Connection->getPdoForSelect(true)
#10 C:\\xampp\\htdocs\\worktech-master\\worktech-master\\vendor\\laravel\\framework\\src\\Illuminate\\Database\\Connection.php(705): Illuminate\\Database\\Connection->Illuminate\\Database\\{closure}('select count(*)...', Array)
#11 C:\\xampp\\htdocs\\worktech-master\\worktech-master\\vendor\\laravel\\framework\\src\\Illuminate\\Database\\Connection.php(672): Illuminate\\Database\\Connection->runQueryCallback('select count(*)...', Array, Object(Closure))
#12 C:\\xampp\\htdocs\\worktech-master\\worktech-master\\vendor\\laravel\\framework\\src\\Illuminate\\Database\\Connection.php(376): Illuminate\\Database\\Connection->run('select count(*)...', Array, Object(Closure))
#13 C:\\xampp\\htdocs\\worktech-master\\worktech-master\\vendor\\laravel\\framework\\src\\Illuminate\\Database\\Query\\Builder.php(2414): Illuminate\\Database\\Connection->select('select count(*)...', Array, true)
#14 C:\\xampp\\htdocs\\worktech-master\\worktech-master\\vendor\\laravel\\framework\\src\\Illuminate\\Database\\Query\\Builder.php(2402): Illuminate\\Database\\Query\\Builder->runSelect()
#15 C:\\xampp\\htdocs\\worktech-master\\worktech-master\\vendor\\laravel\\framework\\src\\Illuminate\\Database\\Query\\Builder.php(2936): Illuminate\\Database\\Query\\Builder->Illuminate\\Database\\Query\\{closure}()
#16 C:\\xampp\\htdocs\\worktech-master\\worktech-master\\vendor\\laravel\\framework\\src\\Illuminate\\Database\\Query\\Builder.php(2403): Illuminate\\Database\\Query\\Builder->onceWithColumns(Array, Object(Closure))
#17 C:\\xampp\\htdocs\\worktech-master\\worktech-master\\vendor\\laravel\\framework\\src\\Illuminate\\Database\\Query\\Builder.php(2863): Illuminate\\Database\\Query\\Builder->get(Array)
#18 C:\\xampp\\htdocs\\worktech-master\\worktech-master\\vendor\\laravel\\framework\\src\\Illuminate\\Database\\Query\\Builder.php(2791): Illuminate\\Database\\Query\\Builder->aggregate('count', Array)
#19 C:\\xampp\\htdocs\\worktech-master\\worktech-master\\vendor\\laravel\\telescope\\src\\Storage\\DatabaseEntriesRepository.php(123): Illuminate\\Database\\Query\\Builder->count()
#20 C:\\xampp\\htdocs\\worktech-master\\worktech-master\\vendor\\laravel\\telescope\\src\\Storage\\DatabaseEntriesRepository.php(165): Laravel\\Telescope\\Storage\\DatabaseEntriesRepository->countExceptionOccurences(Object(Laravel\\Telescope\\IncomingExceptionEntry))
#21 [internal function]: Laravel\\Telescope\\Storage\\DatabaseEntriesRepository->Laravel\\Telescope\\Storage\\{closure}(Object(Laravel\\Telescope\\IncomingExceptionEntry), 0)
#22 C:\\xampp\\htdocs\\worktech-master\\worktech-master\\vendor\\laravel\\framework\\src\\Illuminate\\Collections\\Collection.php(695): array_map(Object(Closure), Array, Array)
#23 C:\\xampp\\htdocs\\worktech-master\\worktech-master\\vendor\\laravel\\telescope\\src\\Storage\\DatabaseEntriesRepository.php(178): Illuminate\\Support\\Collection->map(Object(Closure))
#24 C:\\xampp\\htdocs\\worktech-master\\worktech-master\\vendor\\laravel\\framework\\src\\Illuminate\\Collections\\Traits\\EnumeratesValues.php(245): Laravel\\Telescope\\Storage\\DatabaseEntriesRepository->Laravel\\Telescope\\Storage\\{closure}(Object(Illuminate\\Support\\Collection), 0)
#25 C:\\xampp\\htdocs\\worktech-master\\worktech-master\\vendor\\laravel\\telescope\\src\\Storage\\DatabaseEntriesRepository.php(179): Illuminate\\Support\\Collection->each(Object(Closure))
#26 C:\\xampp\\htdocs\\worktech-master\\worktech-master\\vendor\\laravel\\telescope\\src\\Storage\\DatabaseEntriesRepository.php(140): Laravel\\Telescope\\Storage\\DatabaseEntriesRepository->storeExceptions(Object(Illuminate\\Support\\Collection))
#27 C:\\xampp\\htdocs\\worktech-master\\worktech-master\\vendor\\laravel\\telescope\\src\\Telescope.php(668): Laravel\\Telescope\\Storage\\DatabaseEntriesRepository->store(Object(Illuminate\\Support\\Collection))
#28 [internal function]: Laravel\\Telescope\\Telescope::Laravel\\Telescope\\{closure}()
#29 C:\\xampp\\htdocs\\worktech-master\\worktech-master\\vendor\\laravel\\telescope\\src\\Telescope.php(293): call_user_func(Object(Closure))
#30 C:\\xampp\\htdocs\\worktech-master\\worktech-master\\vendor\\laravel\\telescope\\src\\Telescope.php(686): Laravel\\Telescope\\Telescope::withoutRecording(Object(Closure))
#31 C:\\xampp\\htdocs\\worktech-master\\worktech-master\\vendor\\laravel\\telescope\\src\\ListensForStorageOpportunities.php(65): Laravel\\Telescope\\Telescope::store(Object(Laravel\\Telescope\\Storage\\DatabaseEntriesRepository))
#32 C:\\xampp\\htdocs\\worktech-master\\worktech-master\\vendor\\laravel\\framework\\src\\Illuminate\\Container\\BoundMethod.php(36): Laravel\\Telescope\\Telescope::Laravel\\Telescope\\{closure}()
#33 C:\\xampp\\htdocs\\worktech-master\\worktech-master\\vendor\\laravel\\framework\\src\\Illuminate\\Container\\Util.php(40): Illuminate\\Container\\BoundMethod::Illuminate\\Container\\{closure}()
#34 C:\\xampp\\htdocs\\worktech-master\\worktech-master\\vendor\\laravel\\framework\\src\\Illuminate\\Container\\BoundMethod.php(81): Illuminate\\Container\\Util::unwrapIfClosure(Object(Closure))
#35 C:\\xampp\\htdocs\\worktech-master\\worktech-master\\vendor\\laravel\\framework\\src\\Illuminate\\Container\\BoundMethod.php(37): Illuminate\\Container\\BoundMethod::callBoundMethod(Object(Illuminate\\Foundation\\Application), Object(Closure), Object(Closure))
#36 C:\\xampp\\htdocs\\worktech-master\\worktech-master\\vendor\\laravel\\framework\\src\\Illuminate\\Container\\Container.php(653): Illuminate\\Container\\BoundMethod::call(Object(Illuminate\\Foundation\\Application), Object(Closure), Array, NULL)
#37 C:\\xampp\\htdocs\\worktech-master\\worktech-master\\vendor\\laravel\\framework\\src\\Illuminate\\Foundation\\Application.php(1158): Illuminate\\Container\\Container->call(Object(Closure))
#38 C:\\xampp\\htdocs\\worktech-master\\worktech-master\\vendor\\laravel\\framework\\src\\Illuminate\\Foundation\\Console\\Kernel.php(148): Illuminate\\Foundation\\Application->terminate()
#39 C:\\xampp\\htdocs\\worktech-master\\worktech-master\\artisan(51): Illuminate\\Foundation\\Console\\Kernel->terminate(Object(Symfony\\Component\\Console\\Input\\ArgvInput), 1)
#40 {main}

[previous exception] [object] (PDOException(code: 1045): SQLSTATE[HY000] [1045] Access denied for user 'forge'@'localhost' (using password: NO) at C:\\xampp\\htdocs\\worktech-master\\worktech-master\\vendor\\doctrine\\dbal\\lib\\Doctrine\\DBAL\\Driver\\PDOConnection.php:40)
[stacktrace]
#0 C:\\xampp\\htdocs\\worktech-master\\worktech-master\\vendor\\doctrine\\dbal\\lib\\Doctrine\\DBAL\\Driver\\PDOConnection.php(40): PDO->__construct('mysql:host=127....', 'forge', '', Array)
#1 C:\\xampp\\htdocs\\worktech-master\\worktech-master\\vendor\\laravel\\framework\\src\\Illuminate\\Database\\Connectors\\Connector.php(67): Doctrine\\DBAL\\Driver\\PDOConnection->__construct('mysql:host=127....', 'forge', '', Array)
#2 C:\\xampp\\htdocs\\worktech-master\\worktech-master\\vendor\\laravel\\framework\\src\\Illuminate\\Database\\Connectors\\Connector.php(46): Illuminate\\Database\\Connectors\\Connector->createPdoConnection('mysql:host=127....', 'forge', '', Array)
#3 C:\\xampp\\htdocs\\worktech-master\\worktech-master\\vendor\\laravel\\framework\\src\\Illuminate\\Database\\Connectors\\MySqlConnector.php(24): Illuminate\\Database\\Connectors\\Connector->createConnection('mysql:host=127....', Array, Array)
#4 C:\\xampp\\htdocs\\worktech-master\\worktech-master\\vendor\\laravel\\framework\\src\\Illuminate\\Database\\Connectors\\ConnectionFactory.php(184): Illuminate\\Database\\Connectors\\MySqlConnector->connect(Array)
#5 [internal function]: Illuminate\\Database\\Connectors\\ConnectionFactory->Illuminate\\Database\\Connectors\\{closure}()
#6 C:\\xampp\\htdocs\\worktech-master\\worktech-master\\vendor\\laravel\\framework\\src\\Illuminate\\Database\\Connection.php(1064): call_user_func(Object(Closure))
#7 C:\\xampp\\htdocs\\worktech-master\\worktech-master\\vendor\\laravel\\framework\\src\\Illuminate\\Database\\Connection.php(1100): Illuminate\\Database\\Connection->getPdo()
#8 C:\\xampp\\htdocs\\worktech-master\\worktech-master\\vendor\\laravel\\framework\\src\\Illuminate\\Database\\Connection.php(442): Illuminate\\Database\\Connection->getReadPdo()
#9 C:\\xampp\\htdocs\\worktech-master\\worktech-master\\vendor\\laravel\\framework\\src\\Illuminate\\Database\\Connection.php(368): Illuminate\\Database\\Connection->getPdoForSelect(true)
#10 C:\\xampp\\htdocs\\worktech-master\\worktech-master\\vendor\\laravel\\framework\\src\\Illuminate\\Database\\Connection.php(705): Illuminate\\Database\\Connection->Illuminate\\Database\\{closure}('select count(*)...', Array)
#11 C:\\xampp\\htdocs\\worktech-master\\worktech-master\\vendor\\laravel\\framework\\src\\Illuminate\\Database\\Connection.php(672): Illuminate\\Database\\Connection->runQueryCallback('select count(*)...', Array, Object(Closure))
#12 C:\\xampp\\htdocs\\worktech-master\\worktech-master\\vendor\\laravel\\framework\\src\\Illuminate\\Database\\Connection.php(376): Illuminate\\Database\\Connection->run('select count(*)...', Array, Object(Closure))
#13 C:\\xampp\\htdocs\\worktech-master\\worktech-master\\vendor\\laravel\\framework\\src\\Illuminate\\Database\\Query\\Builder.php(2414): Illuminate\\Database\\Connection->select('select count(*)...', Array, true)
#14 C:\\xampp\\htdocs\\worktech-master\\worktech-master\\vendor\\laravel\\framework\\src\\Illuminate\\Database\\Query\\Builder.php(2402): Illuminate\\Database\\Query\\Builder->runSelect()
#15 C:\\xampp\\htdocs\\worktech-master\\worktech-master\\vendor\\laravel\\framework\\src\\Illuminate\\Database\\Query\\Builder.php(2936): Illuminate\\Database\\Query\\Builder->Illuminate\\Database\\Query\\{closure}()
#16 C:\\xampp\\htdocs\\worktech-master\\worktech-master\\vendor\\laravel\\framework\\src\\Illuminate\\Database\\Query\\Builder.php(2403): Illuminate\\Database\\Query\\Builder->onceWithColumns(Array, Object(Closure))
#17 C:\\xampp\\htdocs\\worktech-master\\worktech-master\\vendor\\laravel\\framework\\src\\Illuminate\\Database\\Query\\Builder.php(2863): Illuminate\\Database\\Query\\Builder->get(Array)
#18 C:\\xampp\\htdocs\\worktech-master\\worktech-master\\vendor\\laravel\\framework\\src\\Illuminate\\Database\\Query\\Builder.php(2791): Illuminate\\Database\\Query\\Builder->aggregate('count', Array)
#19 C:\\xampp\\htdocs\\worktech-master\\worktech-master\\vendor\\laravel\\telescope\\src\\Storage\\DatabaseEntriesRepository.php(123): Illuminate\\Database\\Query\\Builder->count()
#20 C:\\xampp\\htdocs\\worktech-master\\worktech-master\\vendor\\laravel\\telescope\\src\\Storage\\DatabaseEntriesRepository.php(165): Laravel\\Telescope\\Storage\\DatabaseEntriesRepository->countExceptionOccurences(Object(Laravel\\Telescope\\IncomingExceptionEntry))
#21 [internal function]: Laravel\\Telescope\\Storage\\DatabaseEntriesRepository->Laravel\\Telescope\\Storage\\{closure}(Object(Laravel\\Telescope\\IncomingExceptionEntry), 0)
#22 C:\\xampp\\htdocs\\worktech-master\\worktech-master\\vendor\\laravel\\framework\\src\\Illuminate\\Collections\\Collection.php(695): array_map(Object(Closure), Array, Array)
#23 C:\\xampp\\htdocs\\worktech-master\\worktech-master\\vendor\\laravel\\telescope\\src\\Storage\\DatabaseEntriesRepository.php(178): Illuminate\\Support\\Collection->map(Object(Closure))
#24 C:\\xampp\\htdocs\\worktech-master\\worktech-master\\vendor\\laravel\\framework\\src\\Illuminate\\Collections\\Traits\\EnumeratesValues.php(245): Laravel\\Telescope\\Storage\\DatabaseEntriesRepository->Laravel\\Telescope\\Storage\\{closure}(Object(Illuminate\\Support\\Collection), 0)
#25 C:\\xampp\\htdocs\\worktech-master\\worktech-master\\vendor\\laravel\\telescope\\src\\Storage\\DatabaseEntriesRepository.php(179): Illuminate\\Support\\Collection->each(Object(Closure))
#26 C:\\xampp\\htdocs\\worktech-master\\worktech-master\\vendor\\laravel\\telescope\\src\\Storage\\DatabaseEntriesRepository.php(140): Laravel\\Telescope\\Storage\\DatabaseEntriesRepository->storeExceptions(Object(Illuminate\\Support\\Collection))
#27 C:\\xampp\\htdocs\\worktech-master\\worktech-master\\vendor\\laravel\\telescope\\src\\Telescope.php(668): Laravel\\Telescope\\Storage\\DatabaseEntriesRepository->store(Object(Illuminate\\Support\\Collection))
#28 [internal function]: Laravel\\Telescope\\Telescope::Laravel\\Telescope\\{closure}()
#29 C:\\xampp\\htdocs\\worktech-master\\worktech-master\\vendor\\laravel\\telescope\\src\\Telescope.php(293): call_user_func(Object(Closure))
#30 C:\\xampp\\htdocs\\worktech-master\\worktech-master\\vendor\\laravel\\telescope\\src\\Telescope.php(686): Laravel\\Telescope\\Telescope::withoutRecording(Object(Closure))
#31 C:\\xampp\\htdocs\\worktech-master\\worktech-master\\vendor\\laravel\\telescope\\src\\ListensForStorageOpportunities.php(65): Laravel\\Telescope\\Telescope::store(Object(Laravel\\Telescope\\Storage\\DatabaseEntriesRepository))
#32 C:\\xampp\\htdocs\\worktech-master\\worktech-master\\vendor\\laravel\\framework\\src\\Illuminate\\Container\\BoundMethod.php(36): Laravel\\Telescope\\Telescope::Laravel\\Telescope\\{closure}()
#33 C:\\xampp\\htdocs\\worktech-master\\worktech-master\\vendor\\laravel\\framework\\src\\Illuminate\\Container\\Util.php(40): Illuminate\\Container\\BoundMethod::Illuminate\\Container\\{closure}()
#34 C:\\xampp\\htdocs\\worktech-master\\worktech-master\\vendor\\laravel\\framework\\src\\Illuminate\\Container\\BoundMethod.php(81): Illuminate\\Container\\Util::unwrapIfClosure(Object(Closure))
#35 C:\\xampp\\htdocs\\worktech-master\\worktech-master\\vendor\\laravel\\framework\\src\\Illuminate\\Container\\BoundMethod.php(37): Illuminate\\Container\\BoundMethod::callBoundMethod(Object(Illuminate\\Foundation\\Application), Object(Closure), Object(Closure))
#36 C:\\xampp\\htdocs\\worktech-master\\worktech-master\\vendor\\laravel\\framework\\src\\Illuminate\\Container\\Container.php(653): Illuminate\\Container\\BoundMethod::call(Object(Illuminate\\Foundation\\Application), Object(Closure), Array, NULL)
#37 C:\\xampp\\htdocs\\worktech-master\\worktech-master\\vendor\\laravel\\framework\\src\\Illuminate\\Foundation\\Application.php(1158): Illuminate\\Container\\Container->call(Object(Closure))
#38 C:\\xampp\\htdocs\\worktech-master\\worktech-master\\vendor\\laravel\\framework\\src\\Illuminate\\Foundation\\Console\\Kernel.php(148): Illuminate\\Foundation\\Application->terminate()
#39 C:\\xampp\\htdocs\\worktech-master\\worktech-master\\artisan(51): Illuminate\\Foundation\\Console\\Kernel->terminate(Object(Symfony\\Component\\Console\\Input\\ArgvInput), 1)
#40 {main}
"} 
[2024-11-04 12:39:53] production.ERROR: No application encryption key has been specified. {"exception":"[object] (Illuminate\\Encryption\\MissingAppKeyException(code: 0): No application encryption key has been specified. at C:\\xampp\\htdocs\\worktech-master\\worktech-master\\vendor\\laravel\\framework\\src\\Illuminate\\Encryption\\EncryptionServiceProvider.php:101)
[stacktrace]
#0 C:\\xampp\\htdocs\\worktech-master\\worktech-master\\vendor\\laravel\\framework\\src\\Illuminate\\Support\\helpers.php(263): Illuminate\\Encryption\\EncryptionServiceProvider->Illuminate\\Encryption\\{closure}(NULL)
#1 C:\\xampp\\htdocs\\worktech-master\\worktech-master\\vendor\\laravel\\framework\\src\\Illuminate\\Encryption\\EncryptionServiceProvider.php(103): tap(NULL, Object(Closure))
#2 C:\\xampp\\htdocs\\worktech-master\\worktech-master\\vendor\\laravel\\framework\\src\\Illuminate\\Encryption\\EncryptionServiceProvider.php(82): Illuminate\\Encryption\\EncryptionServiceProvider->key(Array)
#3 C:\\xampp\\htdocs\\worktech-master\\worktech-master\\vendor\\laravel\\framework\\src\\Illuminate\\Encryption\\EncryptionServiceProvider.php(34): Illuminate\\Encryption\\EncryptionServiceProvider->parseKey(Array)
#4 C:\\xampp\\htdocs\\worktech-master\\worktech-master\\vendor\\laravel\\framework\\src\\Illuminate\\Container\\Container.php(873): Illuminate\\Encryption\\EncryptionServiceProvider->Illuminate\\Encryption\\{closure}(Object(Illuminate\\Foundation\\Application), Array)
#5 C:\\xampp\\htdocs\\worktech-master\\worktech-master\\vendor\\laravel\\framework\\src\\Illuminate\\Container\\Container.php(758): Illuminate\\Container\\Container->build(Object(Closure))
#6 C:\\xampp\\htdocs\\worktech-master\\worktech-master\\vendor\\laravel\\framework\\src\\Illuminate\\Foundation\\Application.php(851): Illuminate\\Container\\Container->resolve('encrypter', Array, true)
#7 C:\\xampp\\htdocs\\worktech-master\\worktech-master\\vendor\\laravel\\framework\\src\\Illuminate\\Container\\Container.php(694): Illuminate\\Foundation\\Application->resolve('encrypter', Array)
#8 C:\\xampp\\htdocs\\worktech-master\\worktech-master\\vendor\\laravel\\framework\\src\\Illuminate\\Foundation\\Application.php(836): Illuminate\\Container\\Container->make('encrypter', Array)
#9 C:\\xampp\\htdocs\\worktech-master\\worktech-master\\vendor\\laravel\\framework\\src\\Illuminate\\Container\\Container.php(1027): Illuminate\\Foundation\\Application->make('encrypter')
#10 C:\\xampp\\htdocs\\worktech-master\\worktech-master\\vendor\\laravel\\framework\\src\\Illuminate\\Container\\Container.php(947): Illuminate\\Container\\Container->resolveClass(Object(ReflectionParameter))
#11 C:\\xampp\\htdocs\\worktech-master\\worktech-master\\vendor\\laravel\\framework\\src\\Illuminate\\Container\\Container.php(908): Illuminate\\Container\\Container->resolveDependencies(Array)
#12 C:\\xampp\\htdocs\\worktech-master\\worktech-master\\vendor\\laravel\\framework\\src\\Illuminate\\Container\\Container.php(758): Illuminate\\Container\\Container->build('App\\\\Http\\\\Middle...')
#13 C:\\xampp\\htdocs\\worktech-master\\worktech-master\\vendor\\laravel\\framework\\src\\Illuminate\\Foundation\\Application.php(851): Illuminate\\Container\\Container->resolve('App\\\\Http\\\\Middle...', Array, true)
#14 C:\\xampp\\htdocs\\worktech-master\\worktech-master\\vendor\\laravel\\framework\\src\\Illuminate\\Container\\Container.php(694): Illuminate\\Foundation\\Application->resolve('App\\\\Http\\\\Middle...', Array)
#15 C:\\xampp\\htdocs\\worktech-master\\worktech-master\\vendor\\laravel\\framework\\src\\Illuminate\\Foundation\\Application.php(836): Illuminate\\Container\\Container->make('App\\\\Http\\\\Middle...', Array)
#16 C:\\xampp\\htdocs\\worktech-master\\worktech-master\\vendor\\laravel\\framework\\src\\Illuminate\\Pipeline\\Pipeline.php(156): Illuminate\\Foundation\\Application->make('App\\\\Http\\\\Middle...')
#17 C:\\xampp\\htdocs\\worktech-master\\worktech-master\\vendor\\fruitcake\\laravel-cors\\src\\HandleCors.php(38): Illuminate\\Pipeline\\Pipeline->Illuminate\\Pipeline\\{closure}(Object(Illuminate\\Http\\Request))
#18 C:\\xampp\\htdocs\\worktech-master\\worktech-master\\vendor\\laravel\\framework\\src\\Illuminate\\Pipeline\\Pipeline.php(167): Fruitcake\\Cors\\HandleCors->handle(Object(Illuminate\\Http\\Request), Object(Closure))
#19 C:\\xampp\\htdocs\\worktech-master\\worktech-master\\vendor\\laravel\\framework\\src\\Illuminate\\Pipeline\\Pipeline.php(103): Illuminate\\Pipeline\\Pipeline->Illuminate\\Pipeline\\{closure}(Object(Illuminate\\Http\\Request))
#20 C:\\xampp\\htdocs\\worktech-master\\worktech-master\\vendor\\laravel\\framework\\src\\Illuminate\\Routing\\Router.php(723): Illuminate\\Pipeline\\Pipeline->then(Object(Closure))
#21 C:\\xampp\\htdocs\\worktech-master\\worktech-master\\vendor\\laravel\\framework\\src\\Illuminate\\Routing\\Router.php(698): Illuminate\\Routing\\Router->runRouteWithinStack(Object(Illuminate\\Routing\\Route), Object(Illuminate\\Http\\Request))
#22 C:\\xampp\\htdocs\\worktech-master\\worktech-master\\vendor\\laravel\\framework\\src\\Illuminate\\Routing\\Router.php(662): Illuminate\\Routing\\Router->runRoute(Object(Illuminate\\Http\\Request), Object(Illuminate\\Routing\\Route))
#23 C:\\xampp\\htdocs\\worktech-master\\worktech-master\\vendor\\laravel\\framework\\src\\Illuminate\\Routing\\Router.php(651): Illuminate\\Routing\\Router->dispatchToRoute(Object(Illuminate\\Http\\Request))
#24 C:\\xampp\\htdocs\\worktech-master\\worktech-master\\vendor\\laravel\\framework\\src\\Illuminate\\Foundation\\Http\\Kernel.php(167): Illuminate\\Routing\\Router->dispatch(Object(Illuminate\\Http\\Request))
#25 C:\\xampp\\htdocs\\worktech-master\\worktech-master\\vendor\\laravel\\framework\\src\\Illuminate\\Pipeline\\Pipeline.php(128): Illuminate\\Foundation\\Http\\Kernel->Illuminate\\Foundation\\Http\\{closure}(Object(Illuminate\\Http\\Request))
#26 C:\\xampp\\htdocs\\worktech-master\\worktech-master\\vendor\\livewire\\livewire\\src\\DisableBrowserCache.php(19): Illuminate\\Pipeline\\Pipeline->Illuminate\\Pipeline\\{closure}(Object(Illuminate\\Http\\Request))
#27 C:\\xampp\\htdocs\\worktech-master\\worktech-master\\vendor\\laravel\\framework\\src\\Illuminate\\Pipeline\\Pipeline.php(167): Livewire\\DisableBrowserCache->handle(Object(Illuminate\\Http\\Request), Object(Closure))
#28 C:\\xampp\\htdocs\\worktech-master\\worktech-master\\vendor\\barryvdh\\laravel-debugbar\\src\\Middleware\\InjectDebugbar.php(59): Illuminate\\Pipeline\\Pipeline->Illuminate\\Pipeline\\{closure}(Object(Illuminate\\Http\\Request))
#29 C:\\xampp\\htdocs\\worktech-master\\worktech-master\\vendor\\laravel\\framework\\src\\Illuminate\\Pipeline\\Pipeline.php(167): Barryvdh\\Debugbar\\Middleware\\InjectDebugbar->handle(Object(Illuminate\\Http\\Request), Object(Closure))
#30 C:\\xampp\\htdocs\\worktech-master\\worktech-master\\vendor\\laravel\\framework\\src\\Illuminate\\Foundation\\Http\\Middleware\\TransformsRequest.php(21): Illuminate\\Pipeline\\Pipeline->Illuminate\\Pipeline\\{closure}(Object(Illuminate\\Http\\Request))
#31 C:\\xampp\\htdocs\\worktech-master\\worktech-master\\vendor\\laravel\\framework\\src\\Illuminate\\Foundation\\Http\\Middleware\\ConvertEmptyStringsToNull.php(31): Illuminate\\Foundation\\Http\\Middleware\\TransformsRequest->handle(Object(Illuminate\\Http\\Request), Object(Closure))
#32 C:\\xampp\\htdocs\\worktech-master\\worktech-master\\vendor\\laravel\\framework\\src\\Illuminate\\Pipeline\\Pipeline.php(167): Illuminate\\Foundation\\Http\\Middleware\\ConvertEmptyStringsToNull->handle(Object(Illuminate\\Http\\Request), Object(Closure))
#33 C:\\xampp\\htdocs\\worktech-master\\worktech-master\\vendor\\laravel\\framework\\src\\Illuminate\\Foundation\\Http\\Middleware\\TransformsRequest.php(21): Illuminate\\Pipeline\\Pipeline->Illuminate\\Pipeline\\{closure}(Object(Illuminate\\Http\\Request))
#34 C:\\xampp\\htdocs\\worktech-master\\worktech-master\\vendor\\laravel\\framework\\src\\Illuminate\\Foundation\\Http\\Middleware\\TrimStrings.php(40): Illuminate\\Foundation\\Http\\Middleware\\TransformsRequest->handle(Object(Illuminate\\Http\\Request), Object(Closure))
#35 C:\\xampp\\htdocs\\worktech-master\\worktech-master\\vendor\\laravel\\framework\\src\\Illuminate\\Pipeline\\Pipeline.php(167): Illuminate\\Foundation\\Http\\Middleware\\TrimStrings->handle(Object(Illuminate\\Http\\Request), Object(Closure))
#36 C:\\xampp\\htdocs\\worktech-master\\worktech-master\\vendor\\laravel\\framework\\src\\Illuminate\\Foundation\\Http\\Middleware\\ValidatePostSize.php(27): Illuminate\\Pipeline\\Pipeline->Illuminate\\Pipeline\\{closure}(Object(Illuminate\\Http\\Request))
#37 C:\\xampp\\htdocs\\worktech-master\\worktech-master\\vendor\\laravel\\framework\\src\\Illuminate\\Pipeline\\Pipeline.php(167): Illuminate\\Foundation\\Http\\Middleware\\ValidatePostSize->handle(Object(Illuminate\\Http\\Request), Object(Closure))
#38 C:\\xampp\\htdocs\\worktech-master\\worktech-master\\vendor\\laravel\\framework\\src\\Illuminate\\Foundation\\Http\\Middleware\\PreventRequestsDuringMaintenance.php(86): Illuminate\\Pipeline\\Pipeline->Illuminate\\Pipeline\\{closure}(Object(Illuminate\\Http\\Request))
#39 C:\\xampp\\htdocs\\worktech-master\\worktech-master\\vendor\\laravel\\framework\\src\\Illuminate\\Pipeline\\Pipeline.php(167): Illuminate\\Foundation\\Http\\Middleware\\PreventRequestsDuringMaintenance->handle(Object(Illuminate\\Http\\Request), Object(Closure))
#40 C:\\xampp\\htdocs\\worktech-master\\worktech-master\\vendor\\fideloper\\proxy\\src\\TrustProxies.php(57): Illuminate\\Pipeline\\Pipeline->Illuminate\\Pipeline\\{closure}(Object(Illuminate\\Http\\Request))
#41 C:\\xampp\\htdocs\\worktech-master\\worktech-master\\vendor\\laravel\\framework\\src\\Illuminate\\Pipeline\\Pipeline.php(167): Fideloper\\Proxy\\TrustProxies->handle(Object(Illuminate\\Http\\Request), Object(Closure))
#42 C:\\xampp\\htdocs\\worktech-master\\worktech-master\\vendor\\laravel\\framework\\src\\Illuminate\\Pipeline\\Pipeline.php(103): Illuminate\\Pipeline\\Pipeline->Illuminate\\Pipeline\\{closure}(Object(Illuminate\\Http\\Request))
#43 C:\\xampp\\htdocs\\worktech-master\\worktech-master\\vendor\\laravel\\framework\\src\\Illuminate\\Foundation\\Http\\Kernel.php(142): Illuminate\\Pipeline\\Pipeline->then(Object(Closure))
#44 C:\\xampp\\htdocs\\worktech-master\\worktech-master\\vendor\\laravel\\framework\\src\\Illuminate\\Foundation\\Http\\Kernel.php(111): Illuminate\\Foundation\\Http\\Kernel->sendRequestThroughRouter(Object(Illuminate\\Http\\Request))
#45 C:\\xampp\\htdocs\\worktech-master\\worktech-master\\public\\index.php(55): Illuminate\\Foundation\\Http\\Kernel->handle(Object(Illuminate\\Http\\Request))
#46 C:\\xampp\\htdocs\\worktech-master\\worktech-master\\server.php(21): require_once('C:\\\\xampp\\\\htdocs...')
#47 {main}
"} 
[2024-11-04 12:39:53] production.ERROR: No application encryption key has been specified. {"exception":"[object] (Illuminate\\Encryption\\MissingAppKeyException(code: 0): No application encryption key has been specified. at C:\\xampp\\htdocs\\worktech-master\\worktech-master\\vendor\\laravel\\framework\\src\\Illuminate\\Encryption\\EncryptionServiceProvider.php:101)
[stacktrace]
#0 C:\\xampp\\htdocs\\worktech-master\\worktech-master\\vendor\\laravel\\framework\\src\\Illuminate\\Support\\helpers.php(263): Illuminate\\Encryption\\EncryptionServiceProvider->Illuminate\\Encryption\\{closure}(NULL)
#1 C:\\xampp\\htdocs\\worktech-master\\worktech-master\\vendor\\laravel\\framework\\src\\Illuminate\\Encryption\\EncryptionServiceProvider.php(103): tap(NULL, Object(Closure))
#2 C:\\xampp\\htdocs\\worktech-master\\worktech-master\\vendor\\laravel\\framework\\src\\Illuminate\\Encryption\\EncryptionServiceProvider.php(82): Illuminate\\Encryption\\EncryptionServiceProvider->key(Array)
#3 C:\\xampp\\htdocs\\worktech-master\\worktech-master\\vendor\\laravel\\framework\\src\\Illuminate\\Encryption\\EncryptionServiceProvider.php(34): Illuminate\\Encryption\\EncryptionServiceProvider->parseKey(Array)
#4 C:\\xampp\\htdocs\\worktech-master\\worktech-master\\vendor\\laravel\\framework\\src\\Illuminate\\Container\\Container.php(873): Illuminate\\Encryption\\EncryptionServiceProvider->Illuminate\\Encryption\\{closure}(Object(Illuminate\\Foundation\\Application), Array)
#5 C:\\xampp\\htdocs\\worktech-master\\worktech-master\\vendor\\laravel\\framework\\src\\Illuminate\\Container\\Container.php(758): Illuminate\\Container\\Container->build(Object(Closure))
#6 C:\\xampp\\htdocs\\worktech-master\\worktech-master\\vendor\\laravel\\framework\\src\\Illuminate\\Foundation\\Application.php(851): Illuminate\\Container\\Container->resolve('encrypter', Array, true)
#7 C:\\xampp\\htdocs\\worktech-master\\worktech-master\\vendor\\laravel\\framework\\src\\Illuminate\\Container\\Container.php(694): Illuminate\\Foundation\\Application->resolve('encrypter', Array)
#8 C:\\xampp\\htdocs\\worktech-master\\worktech-master\\vendor\\laravel\\framework\\src\\Illuminate\\Foundation\\Application.php(836): Illuminate\\Container\\Container->make('encrypter', Array)
#9 C:\\xampp\\htdocs\\worktech-master\\worktech-master\\vendor\\laravel\\framework\\src\\Illuminate\\Container\\Container.php(1027): Illuminate\\Foundation\\Application->make('encrypter')
#10 C:\\xampp\\htdocs\\worktech-master\\worktech-master\\vendor\\laravel\\framework\\src\\Illuminate\\Container\\Container.php(947): Illuminate\\Container\\Container->resolveClass(Object(ReflectionParameter))
#11 C:\\xampp\\htdocs\\worktech-master\\worktech-master\\vendor\\laravel\\framework\\src\\Illuminate\\Container\\Container.php(908): Illuminate\\Container\\Container->resolveDependencies(Array)
#12 C:\\xampp\\htdocs\\worktech-master\\worktech-master\\vendor\\laravel\\framework\\src\\Illuminate\\Container\\Container.php(758): Illuminate\\Container\\Container->build('App\\\\Http\\\\Middle...')
#13 C:\\xampp\\htdocs\\worktech-master\\worktech-master\\vendor\\laravel\\framework\\src\\Illuminate\\Foundation\\Application.php(851): Illuminate\\Container\\Container->resolve('App\\\\Http\\\\Middle...', Array, true)
#14 C:\\xampp\\htdocs\\worktech-master\\worktech-master\\vendor\\laravel\\framework\\src\\Illuminate\\Container\\Container.php(694): Illuminate\\Foundation\\Application->resolve('App\\\\Http\\\\Middle...', Array)
#15 C:\\xampp\\htdocs\\worktech-master\\worktech-master\\vendor\\laravel\\framework\\src\\Illuminate\\Foundation\\Application.php(836): Illuminate\\Container\\Container->make('App\\\\Http\\\\Middle...', Array)
#16 C:\\xampp\\htdocs\\worktech-master\\worktech-master\\vendor\\laravel\\framework\\src\\Illuminate\\Foundation\\Http\\Kernel.php(206): Illuminate\\Foundation\\Application->make('App\\\\Http\\\\Middle...')
#17 C:\\xampp\\htdocs\\worktech-master\\worktech-master\\vendor\\laravel\\framework\\src\\Illuminate\\Foundation\\Http\\Kernel.php(180): Illuminate\\Foundation\\Http\\Kernel->terminateMiddleware(Object(Illuminate\\Http\\Request), Object(Illuminate\\Http\\Response))
#18 C:\\xampp\\htdocs\\worktech-master\\worktech-master\\public\\index.php(60): Illuminate\\Foundation\\Http\\Kernel->terminate(Object(Illuminate\\Http\\Request), Object(Illuminate\\Http\\Response))
#19 C:\\xampp\\htdocs\\worktech-master\\worktech-master\\server.php(21): require_once('C:\\\\xampp\\\\htdocs...')
#20 {main}
"} 
[2024-11-04 12:41:30] production.ERROR: SQLSTATE[HY000] [1045] Access denied for user 'forge'@'localhost' (using password: NO) (SQL: select * from information_schema.tables where table_schema = forge and table_name = migrations and table_type = 'BASE TABLE') {"exception":"[object] (Illuminate\\Database\\QueryException(code: 1045): SQLSTATE[HY000] [1045] Access denied for user 'forge'@'localhost' (using password: NO) (SQL: select * from information_schema.tables where table_schema = forge and table_name = migrations and table_type = 'BASE TABLE') at C:\\xampp\\htdocs\\worktech-master\\worktech-master\\vendor\\laravel\\framework\\src\\Illuminate\\Database\\Connection.php:712)
[stacktrace]
#0 C:\\xampp\\htdocs\\worktech-master\\worktech-master\\vendor\\laravel\\framework\\src\\Illuminate\\Database\\Connection.php(672): Illuminate\\Database\\Connection->runQueryCallback('select * from i...', Array, Object(Closure))
#1 C:\\xampp\\htdocs\\worktech-master\\worktech-master\\vendor\\laravel\\framework\\src\\Illuminate\\Database\\Connection.php(376): Illuminate\\Database\\Connection->run('select * from i...', Array, Object(Closure))
#2 C:\\xampp\\htdocs\\worktech-master\\worktech-master\\vendor\\laravel\\framework\\src\\Illuminate\\Database\\Schema\\MySqlBuilder.php(44): Illuminate\\Database\\Connection->select('select * from i...', Array)
#3 C:\\xampp\\htdocs\\worktech-master\\worktech-master\\vendor\\laravel\\framework\\src\\Illuminate\\Database\\Migrations\\DatabaseMigrationRepository.php(169): Illuminate\\Database\\Schema\\MySqlBuilder->hasTable('migrations')
#4 C:\\xampp\\htdocs\\worktech-master\\worktech-master\\vendor\\laravel\\framework\\src\\Illuminate\\Database\\Migrations\\Migrator.php(673): Illuminate\\Database\\Migrations\\DatabaseMigrationRepository->repositoryExists()
#5 C:\\xampp\\htdocs\\worktech-master\\worktech-master\\vendor\\laravel\\framework\\src\\Illuminate\\Database\\Console\\Migrations\\MigrateCommand.php(110): Illuminate\\Database\\Migrations\\Migrator->repositoryExists()
#6 C:\\xampp\\htdocs\\worktech-master\\worktech-master\\vendor\\laravel\\framework\\src\\Illuminate\\Database\\Console\\Migrations\\MigrateCommand.php(78): Illuminate\\Database\\Console\\Migrations\\MigrateCommand->prepareDatabase()
#7 C:\\xampp\\htdocs\\worktech-master\\worktech-master\\vendor\\laravel\\framework\\src\\Illuminate\\Database\\Migrations\\Migrator.php(606): Illuminate\\Database\\Console\\Migrations\\MigrateCommand->Illuminate\\Database\\Console\\Migrations\\{closure}()
#8 C:\\xampp\\htdocs\\worktech-master\\worktech-master\\vendor\\laravel\\framework\\src\\Illuminate\\Database\\Console\\Migrations\\MigrateCommand.php(98): Illuminate\\Database\\Migrations\\Migrator->usingConnection(NULL, Object(Closure))
#9 C:\\xampp\\htdocs\\worktech-master\\worktech-master\\vendor\\laravel\\framework\\src\\Illuminate\\Container\\BoundMethod.php(36): Illuminate\\Database\\Console\\Migrations\\MigrateCommand->handle()
#10 C:\\xampp\\htdocs\\worktech-master\\worktech-master\\vendor\\laravel\\framework\\src\\Illuminate\\Container\\Util.php(40): Illuminate\\Container\\BoundMethod::Illuminate\\Container\\{closure}()
#11 C:\\xampp\\htdocs\\worktech-master\\worktech-master\\vendor\\laravel\\framework\\src\\Illuminate\\Container\\BoundMethod.php(93): Illuminate\\Container\\Util::unwrapIfClosure(Object(Closure))
#12 C:\\xampp\\htdocs\\worktech-master\\worktech-master\\vendor\\laravel\\framework\\src\\Illuminate\\Container\\BoundMethod.php(37): Illuminate\\Container\\BoundMethod::callBoundMethod(Object(Illuminate\\Foundation\\Application), Array, Object(Closure))
#13 C:\\xampp\\htdocs\\worktech-master\\worktech-master\\vendor\\laravel\\framework\\src\\Illuminate\\Container\\Container.php(653): Illuminate\\Container\\BoundMethod::call(Object(Illuminate\\Foundation\\Application), Array, Array, NULL)
#14 C:\\xampp\\htdocs\\worktech-master\\worktech-master\\vendor\\laravel\\framework\\src\\Illuminate\\Console\\Command.php(136): Illuminate\\Container\\Container->call(Array)
#15 C:\\xampp\\htdocs\\worktech-master\\worktech-master\\vendor\\symfony\\console\\Command\\Command.php(298): Illuminate\\Console\\Command->execute(Object(Symfony\\Component\\Console\\Input\\ArgvInput), Object(Illuminate\\Console\\OutputStyle))
#16 C:\\xampp\\htdocs\\worktech-master\\worktech-master\\vendor\\laravel\\framework\\src\\Illuminate\\Console\\Command.php(121): Symfony\\Component\\Console\\Command\\Command->run(Object(Symfony\\Component\\Console\\Input\\ArgvInput), Object(Illuminate\\Console\\OutputStyle))
#17 C:\\xampp\\htdocs\\worktech-master\\worktech-master\\vendor\\symfony\\console\\Application.php(1040): Illuminate\\Console\\Command->run(Object(Symfony\\Component\\Console\\Input\\ArgvInput), Object(Symfony\\Component\\Console\\Output\\ConsoleOutput))
#18 C:\\xampp\\htdocs\\worktech-master\\worktech-master\\vendor\\symfony\\console\\Application.php(301): Symfony\\Component\\Console\\Application->doRunCommand(Object(Illuminate\\Database\\Console\\Migrations\\MigrateCommand), Object(Symfony\\Component\\Console\\Input\\ArgvInput), Object(Symfony\\Component\\Console\\Output\\ConsoleOutput))
#19 C:\\xampp\\htdocs\\worktech-master\\worktech-master\\vendor\\symfony\\console\\Application.php(171): Symfony\\Component\\Console\\Application->doRun(Object(Symfony\\Component\\Console\\Input\\ArgvInput), Object(Symfony\\Component\\Console\\Output\\ConsoleOutput))
#20 C:\\xampp\\htdocs\\worktech-master\\worktech-master\\vendor\\laravel\\framework\\src\\Illuminate\\Console\\Application.php(94): Symfony\\Component\\Console\\Application->run(Object(Symfony\\Component\\Console\\Input\\ArgvInput), Object(Symfony\\Component\\Console\\Output\\ConsoleOutput))
#21 C:\\xampp\\htdocs\\worktech-master\\worktech-master\\vendor\\laravel\\framework\\src\\Illuminate\\Foundation\\Console\\Kernel.php(129): Illuminate\\Console\\Application->run(Object(Symfony\\Component\\Console\\Input\\ArgvInput), Object(Symfony\\Component\\Console\\Output\\ConsoleOutput))
#22 C:\\xampp\\htdocs\\worktech-master\\worktech-master\\artisan(37): Illuminate\\Foundation\\Console\\Kernel->handle(Object(Symfony\\Component\\Console\\Input\\ArgvInput), Object(Symfony\\Component\\Console\\Output\\ConsoleOutput))
#23 {main}

[previous exception] [object] (Doctrine\\DBAL\\Driver\\PDO\\Exception(code: 1045): SQLSTATE[HY000] [1045] Access denied for user 'forge'@'localhost' (using password: NO) at C:\\xampp\\htdocs\\worktech-master\\worktech-master\\vendor\\doctrine\\dbal\\lib\\Doctrine\\DBAL\\Driver\\PDO\\Exception.php:18)
[stacktrace]
#0 C:\\xampp\\htdocs\\worktech-master\\worktech-master\\vendor\\doctrine\\dbal\\lib\\Doctrine\\DBAL\\Driver\\PDOConnection.php(44): Doctrine\\DBAL\\Driver\\PDO\\Exception::new(Object(PDOException))
#1 C:\\xampp\\htdocs\\worktech-master\\worktech-master\\vendor\\laravel\\framework\\src\\Illuminate\\Database\\Connectors\\Connector.php(67): Doctrine\\DBAL\\Driver\\PDOConnection->__construct('mysql:host=127....', 'forge', '', Array)
#2 C:\\xampp\\htdocs\\worktech-master\\worktech-master\\vendor\\laravel\\framework\\src\\Illuminate\\Database\\Connectors\\Connector.php(46): Illuminate\\Database\\Connectors\\Connector->createPdoConnection('mysql:host=127....', 'forge', '', Array)
#3 C:\\xampp\\htdocs\\worktech-master\\worktech-master\\vendor\\laravel\\framework\\src\\Illuminate\\Database\\Connectors\\MySqlConnector.php(24): Illuminate\\Database\\Connectors\\Connector->createConnection('mysql:host=127....', Array, Array)
#4 C:\\xampp\\htdocs\\worktech-master\\worktech-master\\vendor\\laravel\\framework\\src\\Illuminate\\Database\\Connectors\\ConnectionFactory.php(184): Illuminate\\Database\\Connectors\\MySqlConnector->connect(Array)
#5 [internal function]: Illuminate\\Database\\Connectors\\ConnectionFactory->Illuminate\\Database\\Connectors\\{closure}()
#6 C:\\xampp\\htdocs\\worktech-master\\worktech-master\\vendor\\laravel\\framework\\src\\Illuminate\\Database\\Connection.php(1064): call_user_func(Object(Closure))
#7 C:\\xampp\\htdocs\\worktech-master\\worktech-master\\vendor\\laravel\\framework\\src\\Illuminate\\Database\\Connection.php(1100): Illuminate\\Database\\Connection->getPdo()
#8 C:\\xampp\\htdocs\\worktech-master\\worktech-master\\vendor\\laravel\\framework\\src\\Illuminate\\Database\\Connection.php(442): Illuminate\\Database\\Connection->getReadPdo()
#9 C:\\xampp\\htdocs\\worktech-master\\worktech-master\\vendor\\laravel\\framework\\src\\Illuminate\\Database\\Connection.php(368): Illuminate\\Database\\Connection->getPdoForSelect(true)
#10 C:\\xampp\\htdocs\\worktech-master\\worktech-master\\vendor\\laravel\\framework\\src\\Illuminate\\Database\\Connection.php(705): Illuminate\\Database\\Connection->Illuminate\\Database\\{closure}('select * from i...', Array)
#11 C:\\xampp\\htdocs\\worktech-master\\worktech-master\\vendor\\laravel\\framework\\src\\Illuminate\\Database\\Connection.php(672): Illuminate\\Database\\Connection->runQueryCallback('select * from i...', Array, Object(Closure))
#12 C:\\xampp\\htdocs\\worktech-master\\worktech-master\\vendor\\laravel\\framework\\src\\Illuminate\\Database\\Connection.php(376): Illuminate\\Database\\Connection->run('select * from i...', Array, Object(Closure))
#13 C:\\xampp\\htdocs\\worktech-master\\worktech-master\\vendor\\laravel\\framework\\src\\Illuminate\\Database\\Schema\\MySqlBuilder.php(44): Illuminate\\Database\\Connection->select('select * from i...', Array)
#14 C:\\xampp\\htdocs\\worktech-master\\worktech-master\\vendor\\laravel\\framework\\src\\Illuminate\\Database\\Migrations\\DatabaseMigrationRepository.php(169): Illuminate\\Database\\Schema\\MySqlBuilder->hasTable('migrations')
#15 C:\\xampp\\htdocs\\worktech-master\\worktech-master\\vendor\\laravel\\framework\\src\\Illuminate\\Database\\Migrations\\Migrator.php(673): Illuminate\\Database\\Migrations\\DatabaseMigrationRepository->repositoryExists()
#16 C:\\xampp\\htdocs\\worktech-master\\worktech-master\\vendor\\laravel\\framework\\src\\Illuminate\\Database\\Console\\Migrations\\MigrateCommand.php(110): Illuminate\\Database\\Migrations\\Migrator->repositoryExists()
#17 C:\\xampp\\htdocs\\worktech-master\\worktech-master\\vendor\\laravel\\framework\\src\\Illuminate\\Database\\Console\\Migrations\\MigrateCommand.php(78): Illuminate\\Database\\Console\\Migrations\\MigrateCommand->prepareDatabase()
#18 C:\\xampp\\htdocs\\worktech-master\\worktech-master\\vendor\\laravel\\framework\\src\\Illuminate\\Database\\Migrations\\Migrator.php(606): Illuminate\\Database\\Console\\Migrations\\MigrateCommand->Illuminate\\Database\\Console\\Migrations\\{closure}()
#19 C:\\xampp\\htdocs\\worktech-master\\worktech-master\\vendor\\laravel\\framework\\src\\Illuminate\\Database\\Console\\Migrations\\MigrateCommand.php(98): Illuminate\\Database\\Migrations\\Migrator->usingConnection(NULL, Object(Closure))
#20 C:\\xampp\\htdocs\\worktech-master\\worktech-master\\vendor\\laravel\\framework\\src\\Illuminate\\Container\\BoundMethod.php(36): Illuminate\\Database\\Console\\Migrations\\MigrateCommand->handle()
#21 C:\\xampp\\htdocs\\worktech-master\\worktech-master\\vendor\\laravel\\framework\\src\\Illuminate\\Container\\Util.php(40): Illuminate\\Container\\BoundMethod::Illuminate\\Container\\{closure}()
#22 C:\\xampp\\htdocs\\worktech-master\\worktech-master\\vendor\\laravel\\framework\\src\\Illuminate\\Container\\BoundMethod.php(93): Illuminate\\Container\\Util::unwrapIfClosure(Object(Closure))
#23 C:\\xampp\\htdocs\\worktech-master\\worktech-master\\vendor\\laravel\\framework\\src\\Illuminate\\Container\\BoundMethod.php(37): Illuminate\\Container\\BoundMethod::callBoundMethod(Object(Illuminate\\Foundation\\Application), Array, Object(Closure))
#24 C:\\xampp\\htdocs\\worktech-master\\worktech-master\\vendor\\laravel\\framework\\src\\Illuminate\\Container\\Container.php(653): Illuminate\\Container\\BoundMethod::call(Object(Illuminate\\Foundation\\Application), Array, Array, NULL)
#25 C:\\xampp\\htdocs\\worktech-master\\worktech-master\\vendor\\laravel\\framework\\src\\Illuminate\\Console\\Command.php(136): Illuminate\\Container\\Container->call(Array)
#26 C:\\xampp\\htdocs\\worktech-master\\worktech-master\\vendor\\symfony\\console\\Command\\Command.php(298): Illuminate\\Console\\Command->execute(Object(Symfony\\Component\\Console\\Input\\ArgvInput), Object(Illuminate\\Console\\OutputStyle))
#27 C:\\xampp\\htdocs\\worktech-master\\worktech-master\\vendor\\laravel\\framework\\src\\Illuminate\\Console\\Command.php(121): Symfony\\Component\\Console\\Command\\Command->run(Object(Symfony\\Component\\Console\\Input\\ArgvInput), Object(Illuminate\\Console\\OutputStyle))
#28 C:\\xampp\\htdocs\\worktech-master\\worktech-master\\vendor\\symfony\\console\\Application.php(1040): Illuminate\\Console\\Command->run(Object(Symfony\\Component\\Console\\Input\\ArgvInput), Object(Symfony\\Component\\Console\\Output\\ConsoleOutput))
#29 C:\\xampp\\htdocs\\worktech-master\\worktech-master\\vendor\\symfony\\console\\Application.php(301): Symfony\\Component\\Console\\Application->doRunCommand(Object(Illuminate\\Database\\Console\\Migrations\\MigrateCommand), Object(Symfony\\Component\\Console\\Input\\ArgvInput), Object(Symfony\\Component\\Console\\Output\\ConsoleOutput))
#30 C:\\xampp\\htdocs\\worktech-master\\worktech-master\\vendor\\symfony\\console\\Application.php(171): Symfony\\Component\\Console\\Application->doRun(Object(Symfony\\Component\\Console\\Input\\ArgvInput), Object(Symfony\\Component\\Console\\Output\\ConsoleOutput))
#31 C:\\xampp\\htdocs\\worktech-master\\worktech-master\\vendor\\laravel\\framework\\src\\Illuminate\\Console\\Application.php(94): Symfony\\Component\\Console\\Application->run(Object(Symfony\\Component\\Console\\Input\\ArgvInput), Object(Symfony\\Component\\Console\\Output\\ConsoleOutput))
#32 C:\\xampp\\htdocs\\worktech-master\\worktech-master\\vendor\\laravel\\framework\\src\\Illuminate\\Foundation\\Console\\Kernel.php(129): Illuminate\\Console\\Application->run(Object(Symfony\\Component\\Console\\Input\\ArgvInput), Object(Symfony\\Component\\Console\\Output\\ConsoleOutput))
#33 C:\\xampp\\htdocs\\worktech-master\\worktech-master\\artisan(37): Illuminate\\Foundation\\Console\\Kernel->handle(Object(Symfony\\Component\\Console\\Input\\ArgvInput), Object(Symfony\\Component\\Console\\Output\\ConsoleOutput))
#34 {main}

[previous exception] [object] (PDOException(code: 1045): SQLSTATE[HY000] [1045] Access denied for user 'forge'@'localhost' (using password: NO) at C:\\xampp\\htdocs\\worktech-master\\worktech-master\\vendor\\doctrine\\dbal\\lib\\Doctrine\\DBAL\\Driver\\PDOConnection.php:40)
[stacktrace]
#0 C:\\xampp\\htdocs\\worktech-master\\worktech-master\\vendor\\doctrine\\dbal\\lib\\Doctrine\\DBAL\\Driver\\PDOConnection.php(40): PDO->__construct('mysql:host=127....', 'forge', '', Array)
#1 C:\\xampp\\htdocs\\worktech-master\\worktech-master\\vendor\\laravel\\framework\\src\\Illuminate\\Database\\Connectors\\Connector.php(67): Doctrine\\DBAL\\Driver\\PDOConnection->__construct('mysql:host=127....', 'forge', '', Array)
#2 C:\\xampp\\htdocs\\worktech-master\\worktech-master\\vendor\\laravel\\framework\\src\\Illuminate\\Database\\Connectors\\Connector.php(46): Illuminate\\Database\\Connectors\\Connector->createPdoConnection('mysql:host=127....', 'forge', '', Array)
#3 C:\\xampp\\htdocs\\worktech-master\\worktech-master\\vendor\\laravel\\framework\\src\\Illuminate\\Database\\Connectors\\MySqlConnector.php(24): Illuminate\\Database\\Connectors\\Connector->createConnection('mysql:host=127....', Array, Array)
#4 C:\\xampp\\htdocs\\worktech-master\\worktech-master\\vendor\\laravel\\framework\\src\\Illuminate\\Database\\Connectors\\ConnectionFactory.php(184): Illuminate\\Database\\Connectors\\MySqlConnector->connect(Array)
#5 [internal function]: Illuminate\\Database\\Connectors\\ConnectionFactory->Illuminate\\Database\\Connectors\\{closure}()
#6 C:\\xampp\\htdocs\\worktech-master\\worktech-master\\vendor\\laravel\\framework\\src\\Illuminate\\Database\\Connection.php(1064): call_user_func(Object(Closure))
#7 C:\\xampp\\htdocs\\worktech-master\\worktech-master\\vendor\\laravel\\framework\\src\\Illuminate\\Database\\Connection.php(1100): Illuminate\\Database\\Connection->getPdo()
#8 C:\\xampp\\htdocs\\worktech-master\\worktech-master\\vendor\\laravel\\framework\\src\\Illuminate\\Database\\Connection.php(442): Illuminate\\Database\\Connection->getReadPdo()
#9 C:\\xampp\\htdocs\\worktech-master\\worktech-master\\vendor\\laravel\\framework\\src\\Illuminate\\Database\\Connection.php(368): Illuminate\\Database\\Connection->getPdoForSelect(true)
#10 C:\\xampp\\htdocs\\worktech-master\\worktech-master\\vendor\\laravel\\framework\\src\\Illuminate\\Database\\Connection.php(705): Illuminate\\Database\\Connection->Illuminate\\Database\\{closure}('select * from i...', Array)
#11 C:\\xampp\\htdocs\\worktech-master\\worktech-master\\vendor\\laravel\\framework\\src\\Illuminate\\Database\\Connection.php(672): Illuminate\\Database\\Connection->runQueryCallback('select * from i...', Array, Object(Closure))
#12 C:\\xampp\\htdocs\\worktech-master\\worktech-master\\vendor\\laravel\\framework\\src\\Illuminate\\Database\\Connection.php(376): Illuminate\\Database\\Connection->run('select * from i...', Array, Object(Closure))
#13 C:\\xampp\\htdocs\\worktech-master\\worktech-master\\vendor\\laravel\\framework\\src\\Illuminate\\Database\\Schema\\MySqlBuilder.php(44): Illuminate\\Database\\Connection->select('select * from i...', Array)
#14 C:\\xampp\\htdocs\\worktech-master\\worktech-master\\vendor\\laravel\\framework\\src\\Illuminate\\Database\\Migrations\\DatabaseMigrationRepository.php(169): Illuminate\\Database\\Schema\\MySqlBuilder->hasTable('migrations')
#15 C:\\xampp\\htdocs\\worktech-master\\worktech-master\\vendor\\laravel\\framework\\src\\Illuminate\\Database\\Migrations\\Migrator.php(673): Illuminate\\Database\\Migrations\\DatabaseMigrationRepository->repositoryExists()
#16 C:\\xampp\\htdocs\\worktech-master\\worktech-master\\vendor\\laravel\\framework\\src\\Illuminate\\Database\\Console\\Migrations\\MigrateCommand.php(110): Illuminate\\Database\\Migrations\\Migrator->repositoryExists()
#17 C:\\xampp\\htdocs\\worktech-master\\worktech-master\\vendor\\laravel\\framework\\src\\Illuminate\\Database\\Console\\Migrations\\MigrateCommand.php(78): Illuminate\\Database\\Console\\Migrations\\MigrateCommand->prepareDatabase()
#18 C:\\xampp\\htdocs\\worktech-master\\worktech-master\\vendor\\laravel\\framework\\src\\Illuminate\\Database\\Migrations\\Migrator.php(606): Illuminate\\Database\\Console\\Migrations\\MigrateCommand->Illuminate\\Database\\Console\\Migrations\\{closure}()
#19 C:\\xampp\\htdocs\\worktech-master\\worktech-master\\vendor\\laravel\\framework\\src\\Illuminate\\Database\\Console\\Migrations\\MigrateCommand.php(98): Illuminate\\Database\\Migrations\\Migrator->usingConnection(NULL, Object(Closure))
#20 C:\\xampp\\htdocs\\worktech-master\\worktech-master\\vendor\\laravel\\framework\\src\\Illuminate\\Container\\BoundMethod.php(36): Illuminate\\Database\\Console\\Migrations\\MigrateCommand->handle()
#21 C:\\xampp\\htdocs\\worktech-master\\worktech-master\\vendor\\laravel\\framework\\src\\Illuminate\\Container\\Util.php(40): Illuminate\\Container\\BoundMethod::Illuminate\\Container\\{closure}()
#22 C:\\xampp\\htdocs\\worktech-master\\worktech-master\\vendor\\laravel\\framework\\src\\Illuminate\\Container\\BoundMethod.php(93): Illuminate\\Container\\Util::unwrapIfClosure(Object(Closure))
#23 C:\\xampp\\htdocs\\worktech-master\\worktech-master\\vendor\\laravel\\framework\\src\\Illuminate\\Container\\BoundMethod.php(37): Illuminate\\Container\\BoundMethod::callBoundMethod(Object(Illuminate\\Foundation\\Application), Array, Object(Closure))
#24 C:\\xampp\\htdocs\\worktech-master\\worktech-master\\vendor\\laravel\\framework\\src\\Illuminate\\Container\\Container.php(653): Illuminate\\Container\\BoundMethod::call(Object(Illuminate\\Foundation\\Application), Array, Array, NULL)
#25 C:\\xampp\\htdocs\\worktech-master\\worktech-master\\vendor\\laravel\\framework\\src\\Illuminate\\Console\\Command.php(136): Illuminate\\Container\\Container->call(Array)
#26 C:\\xampp\\htdocs\\worktech-master\\worktech-master\\vendor\\symfony\\console\\Command\\Command.php(298): Illuminate\\Console\\Command->execute(Object(Symfony\\Component\\Console\\Input\\ArgvInput), Object(Illuminate\\Console\\OutputStyle))
#27 C:\\xampp\\htdocs\\worktech-master\\worktech-master\\vendor\\laravel\\framework\\src\\Illuminate\\Console\\Command.php(121): Symfony\\Component\\Console\\Command\\Command->run(Object(Symfony\\Component\\Console\\Input\\ArgvInput), Object(Illuminate\\Console\\OutputStyle))
#28 C:\\xampp\\htdocs\\worktech-master\\worktech-master\\vendor\\symfony\\console\\Application.php(1040): Illuminate\\Console\\Command->run(Object(Symfony\\Component\\Console\\Input\\ArgvInput), Object(Symfony\\Component\\Console\\Output\\ConsoleOutput))
#29 C:\\xampp\\htdocs\\worktech-master\\worktech-master\\vendor\\symfony\\console\\Application.php(301): Symfony\\Component\\Console\\Application->doRunCommand(Object(Illuminate\\Database\\Console\\Migrations\\MigrateCommand), Object(Symfony\\Component\\Console\\Input\\ArgvInput), Object(Symfony\\Component\\Console\\Output\\ConsoleOutput))
#30 C:\\xampp\\htdocs\\worktech-master\\worktech-master\\vendor\\symfony\\console\\Application.php(171): Symfony\\Component\\Console\\Application->doRun(Object(Symfony\\Component\\Console\\Input\\ArgvInput), Object(Symfony\\Component\\Console\\Output\\ConsoleOutput))
#31 C:\\xampp\\htdocs\\worktech-master\\worktech-master\\vendor\\laravel\\framework\\src\\Illuminate\\Console\\Application.php(94): Symfony\\Component\\Console\\Application->run(Object(Symfony\\Component\\Console\\Input\\ArgvInput), Object(Symfony\\Component\\Console\\Output\\ConsoleOutput))
#32 C:\\xampp\\htdocs\\worktech-master\\worktech-master\\vendor\\laravel\\framework\\src\\Illuminate\\Foundation\\Console\\Kernel.php(129): Illuminate\\Console\\Application->run(Object(Symfony\\Component\\Console\\Input\\ArgvInput), Object(Symfony\\Component\\Console\\Output\\ConsoleOutput))
#33 C:\\xampp\\htdocs\\worktech-master\\worktech-master\\artisan(37): Illuminate\\Foundation\\Console\\Kernel->handle(Object(Symfony\\Component\\Console\\Input\\ArgvInput), Object(Symfony\\Component\\Console\\Output\\ConsoleOutput))
#34 {main}
"} 
[2024-11-04 12:41:30] production.ERROR: SQLSTATE[HY000] [1045] Access denied for user 'forge'@'localhost' (using password: NO) (SQL: select count(*) as aggregate from `telescope_entries` where `type` = exception and `family_hash` = b05257324af9cbaa3c30416953011bf6) {"exception":"[object] (Illuminate\\Database\\QueryException(code: 1045): SQLSTATE[HY000] [1045] Access denied for user 'forge'@'localhost' (using password: NO) (SQL: select count(*) as aggregate from `telescope_entries` where `type` = exception and `family_hash` = b05257324af9cbaa3c30416953011bf6) at C:\\xampp\\htdocs\\worktech-master\\worktech-master\\vendor\\laravel\\framework\\src\\Illuminate\\Database\\Connection.php:712)
[stacktrace]
#0 C:\\xampp\\htdocs\\worktech-master\\worktech-master\\vendor\\laravel\\framework\\src\\Illuminate\\Database\\Connection.php(672): Illuminate\\Database\\Connection->runQueryCallback('select count(*)...', Array, Object(Closure))
#1 C:\\xampp\\htdocs\\worktech-master\\worktech-master\\vendor\\laravel\\framework\\src\\Illuminate\\Database\\Connection.php(376): Illuminate\\Database\\Connection->run('select count(*)...', Array, Object(Closure))
#2 C:\\xampp\\htdocs\\worktech-master\\worktech-master\\vendor\\laravel\\framework\\src\\Illuminate\\Database\\Query\\Builder.php(2414): Illuminate\\Database\\Connection->select('select count(*)...', Array, true)
#3 C:\\xampp\\htdocs\\worktech-master\\worktech-master\\vendor\\laravel\\framework\\src\\Illuminate\\Database\\Query\\Builder.php(2402): Illuminate\\Database\\Query\\Builder->runSelect()
#4 C:\\xampp\\htdocs\\worktech-master\\worktech-master\\vendor\\laravel\\framework\\src\\Illuminate\\Database\\Query\\Builder.php(2936): Illuminate\\Database\\Query\\Builder->Illuminate\\Database\\Query\\{closure}()
#5 C:\\xampp\\htdocs\\worktech-master\\worktech-master\\vendor\\laravel\\framework\\src\\Illuminate\\Database\\Query\\Builder.php(2403): Illuminate\\Database\\Query\\Builder->onceWithColumns(Array, Object(Closure))
#6 C:\\xampp\\htdocs\\worktech-master\\worktech-master\\vendor\\laravel\\framework\\src\\Illuminate\\Database\\Query\\Builder.php(2863): Illuminate\\Database\\Query\\Builder->get(Array)
#7 C:\\xampp\\htdocs\\worktech-master\\worktech-master\\vendor\\laravel\\framework\\src\\Illuminate\\Database\\Query\\Builder.php(2791): Illuminate\\Database\\Query\\Builder->aggregate('count', Array)
#8 C:\\xampp\\htdocs\\worktech-master\\worktech-master\\vendor\\laravel\\telescope\\src\\Storage\\DatabaseEntriesRepository.php(123): Illuminate\\Database\\Query\\Builder->count()
#9 C:\\xampp\\htdocs\\worktech-master\\worktech-master\\vendor\\laravel\\telescope\\src\\Storage\\DatabaseEntriesRepository.php(165): Laravel\\Telescope\\Storage\\DatabaseEntriesRepository->countExceptionOccurences(Object(Laravel\\Telescope\\IncomingExceptionEntry))
#10 [internal function]: Laravel\\Telescope\\Storage\\DatabaseEntriesRepository->Laravel\\Telescope\\Storage\\{closure}(Object(Laravel\\Telescope\\IncomingExceptionEntry), 0)
#11 C:\\xampp\\htdocs\\worktech-master\\worktech-master\\vendor\\laravel\\framework\\src\\Illuminate\\Collections\\Collection.php(695): array_map(Object(Closure), Array, Array)
#12 C:\\xampp\\htdocs\\worktech-master\\worktech-master\\vendor\\laravel\\telescope\\src\\Storage\\DatabaseEntriesRepository.php(178): Illuminate\\Support\\Collection->map(Object(Closure))
#13 C:\\xampp\\htdocs\\worktech-master\\worktech-master\\vendor\\laravel\\framework\\src\\Illuminate\\Collections\\Traits\\EnumeratesValues.php(245): Laravel\\Telescope\\Storage\\DatabaseEntriesRepository->Laravel\\Telescope\\Storage\\{closure}(Object(Illuminate\\Support\\Collection), 0)
#14 C:\\xampp\\htdocs\\worktech-master\\worktech-master\\vendor\\laravel\\telescope\\src\\Storage\\DatabaseEntriesRepository.php(179): Illuminate\\Support\\Collection->each(Object(Closure))
#15 C:\\xampp\\htdocs\\worktech-master\\worktech-master\\vendor\\laravel\\telescope\\src\\Storage\\DatabaseEntriesRepository.php(140): Laravel\\Telescope\\Storage\\DatabaseEntriesRepository->storeExceptions(Object(Illuminate\\Support\\Collection))
#16 C:\\xampp\\htdocs\\worktech-master\\worktech-master\\vendor\\laravel\\telescope\\src\\Telescope.php(668): Laravel\\Telescope\\Storage\\DatabaseEntriesRepository->store(Object(Illuminate\\Support\\Collection))
#17 [internal function]: Laravel\\Telescope\\Telescope::Laravel\\Telescope\\{closure}()
#18 C:\\xampp\\htdocs\\worktech-master\\worktech-master\\vendor\\laravel\\telescope\\src\\Telescope.php(293): call_user_func(Object(Closure))
#19 C:\\xampp\\htdocs\\worktech-master\\worktech-master\\vendor\\laravel\\telescope\\src\\Telescope.php(686): Laravel\\Telescope\\Telescope::withoutRecording(Object(Closure))
#20 C:\\xampp\\htdocs\\worktech-master\\worktech-master\\vendor\\laravel\\telescope\\src\\ListensForStorageOpportunities.php(65): Laravel\\Telescope\\Telescope::store(Object(Laravel\\Telescope\\Storage\\DatabaseEntriesRepository))
#21 C:\\xampp\\htdocs\\worktech-master\\worktech-master\\vendor\\laravel\\framework\\src\\Illuminate\\Container\\BoundMethod.php(36): Laravel\\Telescope\\Telescope::Laravel\\Telescope\\{closure}()
#22 C:\\xampp\\htdocs\\worktech-master\\worktech-master\\vendor\\laravel\\framework\\src\\Illuminate\\Container\\Util.php(40): Illuminate\\Container\\BoundMethod::Illuminate\\Container\\{closure}()
#23 C:\\xampp\\htdocs\\worktech-master\\worktech-master\\vendor\\laravel\\framework\\src\\Illuminate\\Container\\BoundMethod.php(81): Illuminate\\Container\\Util::unwrapIfClosure(Object(Closure))
#24 C:\\xampp\\htdocs\\worktech-master\\worktech-master\\vendor\\laravel\\framework\\src\\Illuminate\\Container\\BoundMethod.php(37): Illuminate\\Container\\BoundMethod::callBoundMethod(Object(Illuminate\\Foundation\\Application), Object(Closure), Object(Closure))
#25 C:\\xampp\\htdocs\\worktech-master\\worktech-master\\vendor\\laravel\\framework\\src\\Illuminate\\Container\\Container.php(653): Illuminate\\Container\\BoundMethod::call(Object(Illuminate\\Foundation\\Application), Object(Closure), Array, NULL)
#26 C:\\xampp\\htdocs\\worktech-master\\worktech-master\\vendor\\laravel\\framework\\src\\Illuminate\\Foundation\\Application.php(1158): Illuminate\\Container\\Container->call(Object(Closure))
#27 C:\\xampp\\htdocs\\worktech-master\\worktech-master\\vendor\\laravel\\framework\\src\\Illuminate\\Foundation\\Console\\Kernel.php(148): Illuminate\\Foundation\\Application->terminate()
#28 C:\\xampp\\htdocs\\worktech-master\\worktech-master\\artisan(51): Illuminate\\Foundation\\Console\\Kernel->terminate(Object(Symfony\\Component\\Console\\Input\\ArgvInput), 1)
#29 {main}

[previous exception] [object] (Doctrine\\DBAL\\Driver\\PDO\\Exception(code: 1045): SQLSTATE[HY000] [1045] Access denied for user 'forge'@'localhost' (using password: NO) at C:\\xampp\\htdocs\\worktech-master\\worktech-master\\vendor\\doctrine\\dbal\\lib\\Doctrine\\DBAL\\Driver\\PDO\\Exception.php:18)
[stacktrace]
#0 C:\\xampp\\htdocs\\worktech-master\\worktech-master\\vendor\\doctrine\\dbal\\lib\\Doctrine\\DBAL\\Driver\\PDOConnection.php(44): Doctrine\\DBAL\\Driver\\PDO\\Exception::new(Object(PDOException))
#1 C:\\xampp\\htdocs\\worktech-master\\worktech-master\\vendor\\laravel\\framework\\src\\Illuminate\\Database\\Connectors\\Connector.php(67): Doctrine\\DBAL\\Driver\\PDOConnection->__construct('mysql:host=127....', 'forge', '', Array)
#2 C:\\xampp\\htdocs\\worktech-master\\worktech-master\\vendor\\laravel\\framework\\src\\Illuminate\\Database\\Connectors\\Connector.php(46): Illuminate\\Database\\Connectors\\Connector->createPdoConnection('mysql:host=127....', 'forge', '', Array)
#3 C:\\xampp\\htdocs\\worktech-master\\worktech-master\\vendor\\laravel\\framework\\src\\Illuminate\\Database\\Connectors\\MySqlConnector.php(24): Illuminate\\Database\\Connectors\\Connector->createConnection('mysql:host=127....', Array, Array)
#4 C:\\xampp\\htdocs\\worktech-master\\worktech-master\\vendor\\laravel\\framework\\src\\Illuminate\\Database\\Connectors\\ConnectionFactory.php(184): Illuminate\\Database\\Connectors\\MySqlConnector->connect(Array)
#5 [internal function]: Illuminate\\Database\\Connectors\\ConnectionFactory->Illuminate\\Database\\Connectors\\{closure}()
#6 C:\\xampp\\htdocs\\worktech-master\\worktech-master\\vendor\\laravel\\framework\\src\\Illuminate\\Database\\Connection.php(1064): call_user_func(Object(Closure))
#7 C:\\xampp\\htdocs\\worktech-master\\worktech-master\\vendor\\laravel\\framework\\src\\Illuminate\\Database\\Connection.php(1100): Illuminate\\Database\\Connection->getPdo()
#8 C:\\xampp\\htdocs\\worktech-master\\worktech-master\\vendor\\laravel\\framework\\src\\Illuminate\\Database\\Connection.php(442): Illuminate\\Database\\Connection->getReadPdo()
#9 C:\\xampp\\htdocs\\worktech-master\\worktech-master\\vendor\\laravel\\framework\\src\\Illuminate\\Database\\Connection.php(368): Illuminate\\Database\\Connection->getPdoForSelect(true)
#10 C:\\xampp\\htdocs\\worktech-master\\worktech-master\\vendor\\laravel\\framework\\src\\Illuminate\\Database\\Connection.php(705): Illuminate\\Database\\Connection->Illuminate\\Database\\{closure}('select count(*)...', Array)
#11 C:\\xampp\\htdocs\\worktech-master\\worktech-master\\vendor\\laravel\\framework\\src\\Illuminate\\Database\\Connection.php(672): Illuminate\\Database\\Connection->runQueryCallback('select count(*)...', Array, Object(Closure))
#12 C:\\xampp\\htdocs\\worktech-master\\worktech-master\\vendor\\laravel\\framework\\src\\Illuminate\\Database\\Connection.php(376): Illuminate\\Database\\Connection->run('select count(*)...', Array, Object(Closure))
#13 C:\\xampp\\htdocs\\worktech-master\\worktech-master\\vendor\\laravel\\framework\\src\\Illuminate\\Database\\Query\\Builder.php(2414): Illuminate\\Database\\Connection->select('select count(*)...', Array, true)
#14 C:\\xampp\\htdocs\\worktech-master\\worktech-master\\vendor\\laravel\\framework\\src\\Illuminate\\Database\\Query\\Builder.php(2402): Illuminate\\Database\\Query\\Builder->runSelect()
#15 C:\\xampp\\htdocs\\worktech-master\\worktech-master\\vendor\\laravel\\framework\\src\\Illuminate\\Database\\Query\\Builder.php(2936): Illuminate\\Database\\Query\\Builder->Illuminate\\Database\\Query\\{closure}()
#16 C:\\xampp\\htdocs\\worktech-master\\worktech-master\\vendor\\laravel\\framework\\src\\Illuminate\\Database\\Query\\Builder.php(2403): Illuminate\\Database\\Query\\Builder->onceWithColumns(Array, Object(Closure))
#17 C:\\xampp\\htdocs\\worktech-master\\worktech-master\\vendor\\laravel\\framework\\src\\Illuminate\\Database\\Query\\Builder.php(2863): Illuminate\\Database\\Query\\Builder->get(Array)
#18 C:\\xampp\\htdocs\\worktech-master\\worktech-master\\vendor\\laravel\\framework\\src\\Illuminate\\Database\\Query\\Builder.php(2791): Illuminate\\Database\\Query\\Builder->aggregate('count', Array)
#19 C:\\xampp\\htdocs\\worktech-master\\worktech-master\\vendor\\laravel\\telescope\\src\\Storage\\DatabaseEntriesRepository.php(123): Illuminate\\Database\\Query\\Builder->count()
#20 C:\\xampp\\htdocs\\worktech-master\\worktech-master\\vendor\\laravel\\telescope\\src\\Storage\\DatabaseEntriesRepository.php(165): Laravel\\Telescope\\Storage\\DatabaseEntriesRepository->countExceptionOccurences(Object(Laravel\\Telescope\\IncomingExceptionEntry))
#21 [internal function]: Laravel\\Telescope\\Storage\\DatabaseEntriesRepository->Laravel\\Telescope\\Storage\\{closure}(Object(Laravel\\Telescope\\IncomingExceptionEntry), 0)
#22 C:\\xampp\\htdocs\\worktech-master\\worktech-master\\vendor\\laravel\\framework\\src\\Illuminate\\Collections\\Collection.php(695): array_map(Object(Closure), Array, Array)
#23 C:\\xampp\\htdocs\\worktech-master\\worktech-master\\vendor\\laravel\\telescope\\src\\Storage\\DatabaseEntriesRepository.php(178): Illuminate\\Support\\Collection->map(Object(Closure))
#24 C:\\xampp\\htdocs\\worktech-master\\worktech-master\\vendor\\laravel\\framework\\src\\Illuminate\\Collections\\Traits\\EnumeratesValues.php(245): Laravel\\Telescope\\Storage\\DatabaseEntriesRepository->Laravel\\Telescope\\Storage\\{closure}(Object(Illuminate\\Support\\Collection), 0)
#25 C:\\xampp\\htdocs\\worktech-master\\worktech-master\\vendor\\laravel\\telescope\\src\\Storage\\DatabaseEntriesRepository.php(179): Illuminate\\Support\\Collection->each(Object(Closure))
#26 C:\\xampp\\htdocs\\worktech-master\\worktech-master\\vendor\\laravel\\telescope\\src\\Storage\\DatabaseEntriesRepository.php(140): Laravel\\Telescope\\Storage\\DatabaseEntriesRepository->storeExceptions(Object(Illuminate\\Support\\Collection))
#27 C:\\xampp\\htdocs\\worktech-master\\worktech-master\\vendor\\laravel\\telescope\\src\\Telescope.php(668): Laravel\\Telescope\\Storage\\DatabaseEntriesRepository->store(Object(Illuminate\\Support\\Collection))
#28 [internal function]: Laravel\\Telescope\\Telescope::Laravel\\Telescope\\{closure}()
#29 C:\\xampp\\htdocs\\worktech-master\\worktech-master\\vendor\\laravel\\telescope\\src\\Telescope.php(293): call_user_func(Object(Closure))
#30 C:\\xampp\\htdocs\\worktech-master\\worktech-master\\vendor\\laravel\\telescope\\src\\Telescope.php(686): Laravel\\Telescope\\Telescope::withoutRecording(Object(Closure))
#31 C:\\xampp\\htdocs\\worktech-master\\worktech-master\\vendor\\laravel\\telescope\\src\\ListensForStorageOpportunities.php(65): Laravel\\Telescope\\Telescope::store(Object(Laravel\\Telescope\\Storage\\DatabaseEntriesRepository))
#32 C:\\xampp\\htdocs\\worktech-master\\worktech-master\\vendor\\laravel\\framework\\src\\Illuminate\\Container\\BoundMethod.php(36): Laravel\\Telescope\\Telescope::Laravel\\Telescope\\{closure}()
#33 C:\\xampp\\htdocs\\worktech-master\\worktech-master\\vendor\\laravel\\framework\\src\\Illuminate\\Container\\Util.php(40): Illuminate\\Container\\BoundMethod::Illuminate\\Container\\{closure}()
#34 C:\\xampp\\htdocs\\worktech-master\\worktech-master\\vendor\\laravel\\framework\\src\\Illuminate\\Container\\BoundMethod.php(81): Illuminate\\Container\\Util::unwrapIfClosure(Object(Closure))
#35 C:\\xampp\\htdocs\\worktech-master\\worktech-master\\vendor\\laravel\\framework\\src\\Illuminate\\Container\\BoundMethod.php(37): Illuminate\\Container\\BoundMethod::callBoundMethod(Object(Illuminate\\Foundation\\Application), Object(Closure), Object(Closure))
#36 C:\\xampp\\htdocs\\worktech-master\\worktech-master\\vendor\\laravel\\framework\\src\\Illuminate\\Container\\Container.php(653): Illuminate\\Container\\BoundMethod::call(Object(Illuminate\\Foundation\\Application), Object(Closure), Array, NULL)
#37 C:\\xampp\\htdocs\\worktech-master\\worktech-master\\vendor\\laravel\\framework\\src\\Illuminate\\Foundation\\Application.php(1158): Illuminate\\Container\\Container->call(Object(Closure))
#38 C:\\xampp\\htdocs\\worktech-master\\worktech-master\\vendor\\laravel\\framework\\src\\Illuminate\\Foundation\\Console\\Kernel.php(148): Illuminate\\Foundation\\Application->terminate()
#39 C:\\xampp\\htdocs\\worktech-master\\worktech-master\\artisan(51): Illuminate\\Foundation\\Console\\Kernel->terminate(Object(Symfony\\Component\\Console\\Input\\ArgvInput), 1)
#40 {main}

[previous exception] [object] (PDOException(code: 1045): SQLSTATE[HY000] [1045] Access denied for user 'forge'@'localhost' (using password: NO) at C:\\xampp\\htdocs\\worktech-master\\worktech-master\\vendor\\doctrine\\dbal\\lib\\Doctrine\\DBAL\\Driver\\PDOConnection.php:40)
[stacktrace]
#0 C:\\xampp\\htdocs\\worktech-master\\worktech-master\\vendor\\doctrine\\dbal\\lib\\Doctrine\\DBAL\\Driver\\PDOConnection.php(40): PDO->__construct('mysql:host=127....', 'forge', '', Array)
#1 C:\\xampp\\htdocs\\worktech-master\\worktech-master\\vendor\\laravel\\framework\\src\\Illuminate\\Database\\Connectors\\Connector.php(67): Doctrine\\DBAL\\Driver\\PDOConnection->__construct('mysql:host=127....', 'forge', '', Array)
#2 C:\\xampp\\htdocs\\worktech-master\\worktech-master\\vendor\\laravel\\framework\\src\\Illuminate\\Database\\Connectors\\Connector.php(46): Illuminate\\Database\\Connectors\\Connector->createPdoConnection('mysql:host=127....', 'forge', '', Array)
#3 C:\\xampp\\htdocs\\worktech-master\\worktech-master\\vendor\\laravel\\framework\\src\\Illuminate\\Database\\Connectors\\MySqlConnector.php(24): Illuminate\\Database\\Connectors\\Connector->createConnection('mysql:host=127....', Array, Array)
#4 C:\\xampp\\htdocs\\worktech-master\\worktech-master\\vendor\\laravel\\framework\\src\\Illuminate\\Database\\Connectors\\ConnectionFactory.php(184): Illuminate\\Database\\Connectors\\MySqlConnector->connect(Array)
#5 [internal function]: Illuminate\\Database\\Connectors\\ConnectionFactory->Illuminate\\Database\\Connectors\\{closure}()
#6 C:\\xampp\\htdocs\\worktech-master\\worktech-master\\vendor\\laravel\\framework\\src\\Illuminate\\Database\\Connection.php(1064): call_user_func(Object(Closure))
#7 C:\\xampp\\htdocs\\worktech-master\\worktech-master\\vendor\\laravel\\framework\\src\\Illuminate\\Database\\Connection.php(1100): Illuminate\\Database\\Connection->getPdo()
#8 C:\\xampp\\htdocs\\worktech-master\\worktech-master\\vendor\\laravel\\framework\\src\\Illuminate\\Database\\Connection.php(442): Illuminate\\Database\\Connection->getReadPdo()
#9 C:\\xampp\\htdocs\\worktech-master\\worktech-master\\vendor\\laravel\\framework\\src\\Illuminate\\Database\\Connection.php(368): Illuminate\\Database\\Connection->getPdoForSelect(true)
#10 C:\\xampp\\htdocs\\worktech-master\\worktech-master\\vendor\\laravel\\framework\\src\\Illuminate\\Database\\Connection.php(705): Illuminate\\Database\\Connection->Illuminate\\Database\\{closure}('select count(*)...', Array)
#11 C:\\xampp\\htdocs\\worktech-master\\worktech-master\\vendor\\laravel\\framework\\src\\Illuminate\\Database\\Connection.php(672): Illuminate\\Database\\Connection->runQueryCallback('select count(*)...', Array, Object(Closure))
#12 C:\\xampp\\htdocs\\worktech-master\\worktech-master\\vendor\\laravel\\framework\\src\\Illuminate\\Database\\Connection.php(376): Illuminate\\Database\\Connection->run('select count(*)...', Array, Object(Closure))
#13 C:\\xampp\\htdocs\\worktech-master\\worktech-master\\vendor\\laravel\\framework\\src\\Illuminate\\Database\\Query\\Builder.php(2414): Illuminate\\Database\\Connection->select('select count(*)...', Array, true)
#14 C:\\xampp\\htdocs\\worktech-master\\worktech-master\\vendor\\laravel\\framework\\src\\Illuminate\\Database\\Query\\Builder.php(2402): Illuminate\\Database\\Query\\Builder->runSelect()
#15 C:\\xampp\\htdocs\\worktech-master\\worktech-master\\vendor\\laravel\\framework\\src\\Illuminate\\Database\\Query\\Builder.php(2936): Illuminate\\Database\\Query\\Builder->Illuminate\\Database\\Query\\{closure}()
#16 C:\\xampp\\htdocs\\worktech-master\\worktech-master\\vendor\\laravel\\framework\\src\\Illuminate\\Database\\Query\\Builder.php(2403): Illuminate\\Database\\Query\\Builder->onceWithColumns(Array, Object(Closure))
#17 C:\\xampp\\htdocs\\worktech-master\\worktech-master\\vendor\\laravel\\framework\\src\\Illuminate\\Database\\Query\\Builder.php(2863): Illuminate\\Database\\Query\\Builder->get(Array)
#18 C:\\xampp\\htdocs\\worktech-master\\worktech-master\\vendor\\laravel\\framework\\src\\Illuminate\\Database\\Query\\Builder.php(2791): Illuminate\\Database\\Query\\Builder->aggregate('count', Array)
#19 C:\\xampp\\htdocs\\worktech-master\\worktech-master\\vendor\\laravel\\telescope\\src\\Storage\\DatabaseEntriesRepository.php(123): Illuminate\\Database\\Query\\Builder->count()
#20 C:\\xampp\\htdocs\\worktech-master\\worktech-master\\vendor\\laravel\\telescope\\src\\Storage\\DatabaseEntriesRepository.php(165): Laravel\\Telescope\\Storage\\DatabaseEntriesRepository->countExceptionOccurences(Object(Laravel\\Telescope\\IncomingExceptionEntry))
#21 [internal function]: Laravel\\Telescope\\Storage\\DatabaseEntriesRepository->Laravel\\Telescope\\Storage\\{closure}(Object(Laravel\\Telescope\\IncomingExceptionEntry), 0)
#22 C:\\xampp\\htdocs\\worktech-master\\worktech-master\\vendor\\laravel\\framework\\src\\Illuminate\\Collections\\Collection.php(695): array_map(Object(Closure), Array, Array)
#23 C:\\xampp\\htdocs\\worktech-master\\worktech-master\\vendor\\laravel\\telescope\\src\\Storage\\DatabaseEntriesRepository.php(178): Illuminate\\Support\\Collection->map(Object(Closure))
#24 C:\\xampp\\htdocs\\worktech-master\\worktech-master\\vendor\\laravel\\framework\\src\\Illuminate\\Collections\\Traits\\EnumeratesValues.php(245): Laravel\\Telescope\\Storage\\DatabaseEntriesRepository->Laravel\\Telescope\\Storage\\{closure}(Object(Illuminate\\Support\\Collection), 0)
#25 C:\\xampp\\htdocs\\worktech-master\\worktech-master\\vendor\\laravel\\telescope\\src\\Storage\\DatabaseEntriesRepository.php(179): Illuminate\\Support\\Collection->each(Object(Closure))
#26 C:\\xampp\\htdocs\\worktech-master\\worktech-master\\vendor\\laravel\\telescope\\src\\Storage\\DatabaseEntriesRepository.php(140): Laravel\\Telescope\\Storage\\DatabaseEntriesRepository->storeExceptions(Object(Illuminate\\Support\\Collection))
#27 C:\\xampp\\htdocs\\worktech-master\\worktech-master\\vendor\\laravel\\telescope\\src\\Telescope.php(668): Laravel\\Telescope\\Storage\\DatabaseEntriesRepository->store(Object(Illuminate\\Support\\Collection))
#28 [internal function]: Laravel\\Telescope\\Telescope::Laravel\\Telescope\\{closure}()
#29 C:\\xampp\\htdocs\\worktech-master\\worktech-master\\vendor\\laravel\\telescope\\src\\Telescope.php(293): call_user_func(Object(Closure))
#30 C:\\xampp\\htdocs\\worktech-master\\worktech-master\\vendor\\laravel\\telescope\\src\\Telescope.php(686): Laravel\\Telescope\\Telescope::withoutRecording(Object(Closure))
#31 C:\\xampp\\htdocs\\worktech-master\\worktech-master\\vendor\\laravel\\telescope\\src\\ListensForStorageOpportunities.php(65): Laravel\\Telescope\\Telescope::store(Object(Laravel\\Telescope\\Storage\\DatabaseEntriesRepository))
#32 C:\\xampp\\htdocs\\worktech-master\\worktech-master\\vendor\\laravel\\framework\\src\\Illuminate\\Container\\BoundMethod.php(36): Laravel\\Telescope\\Telescope::Laravel\\Telescope\\{closure}()
#33 C:\\xampp\\htdocs\\worktech-master\\worktech-master\\vendor\\laravel\\framework\\src\\Illuminate\\Container\\Util.php(40): Illuminate\\Container\\BoundMethod::Illuminate\\Container\\{closure}()
#34 C:\\xampp\\htdocs\\worktech-master\\worktech-master\\vendor\\laravel\\framework\\src\\Illuminate\\Container\\BoundMethod.php(81): Illuminate\\Container\\Util::unwrapIfClosure(Object(Closure))
#35 C:\\xampp\\htdocs\\worktech-master\\worktech-master\\vendor\\laravel\\framework\\src\\Illuminate\\Container\\BoundMethod.php(37): Illuminate\\Container\\BoundMethod::callBoundMethod(Object(Illuminate\\Foundation\\Application), Object(Closure), Object(Closure))
#36 C:\\xampp\\htdocs\\worktech-master\\worktech-master\\vendor\\laravel\\framework\\src\\Illuminate\\Container\\Container.php(653): Illuminate\\Container\\BoundMethod::call(Object(Illuminate\\Foundation\\Application), Object(Closure), Array, NULL)
#37 C:\\xampp\\htdocs\\worktech-master\\worktech-master\\vendor\\laravel\\framework\\src\\Illuminate\\Foundation\\Application.php(1158): Illuminate\\Container\\Container->call(Object(Closure))
#38 C:\\xampp\\htdocs\\worktech-master\\worktech-master\\vendor\\laravel\\framework\\src\\Illuminate\\Foundation\\Console\\Kernel.php(148): Illuminate\\Foundation\\Application->terminate()
#39 C:\\xampp\\htdocs\\worktech-master\\worktech-master\\artisan(51): Illuminate\\Foundation\\Console\\Kernel->terminate(Object(Symfony\\Component\\Console\\Input\\ArgvInput), 1)
#40 {main}
"} 
[2024-11-04 12:43:20] local.ERROR: SQLSTATE[42S02]: Base table or view not found: 1146 Table 'mylaravel.telescope_entries' doesn't exist (SQL: insert into `telescope_entries` (`batch_id`, `content`, `created_at`, `family_hash`, `type`, `uuid`) values (9d68901d-66ac-4b0b-8c95-aa996d242695, {"name":"cache:clearing","payload":[null,[]],"listeners":[],"broadcast":false,"hostname":"DESKTOP-0M1MD66"}, 2024-11-04 12:43:20, ?, event, 9d68901d-55fc-48bf-acd3-7732964b22e6), (9d68901d-66ac-4b0b-8c95-aa996d242695, {"name":"cache:cleared","payload":[null,[]],"listeners":[],"broadcast":false,"hostname":"DESKTOP-0M1MD66"}, 2024-11-04 12:43:20, ?, event, 9d68901d-5f60-4ab0-aa77-faa1ce61b832), (9d68901d-66ac-4b0b-8c95-aa996d242695, {"command":"optimize:clear","exit_code":0,"arguments":{"command":"optimize:clear"},"options":{"help":false,"quiet":false,"verbose":false,"version":false,"ansi":null,"no-interaction":false,"env":null},"hostname":"DESKTOP-0M1MD66"}, 2024-11-04 12:43:20, ?, command, 9d68901d-64e9-4b7d-b1d7-648e5fadf333)) {"exception":"[object] (Illuminate\\Database\\QueryException(code: 42S02): SQLSTATE[42S02]: Base table or view not found: 1146 Table 'mylaravel.telescope_entries' doesn't exist (SQL: insert into `telescope_entries` (`batch_id`, `content`, `created_at`, `family_hash`, `type`, `uuid`) values (9d68901d-66ac-4b0b-8c95-aa996d242695, {\"name\":\"cache:clearing\",\"payload\":[null,[]],\"listeners\":[],\"broadcast\":false,\"hostname\":\"DESKTOP-0M1MD66\"}, 2024-11-04 12:43:20, ?, event, 9d68901d-55fc-48bf-acd3-7732964b22e6), (9d68901d-66ac-4b0b-8c95-aa996d242695, {\"name\":\"cache:cleared\",\"payload\":[null,[]],\"listeners\":[],\"broadcast\":false,\"hostname\":\"DESKTOP-0M1MD66\"}, 2024-11-04 12:43:20, ?, event, 9d68901d-5f60-4ab0-aa77-faa1ce61b832), (9d68901d-66ac-4b0b-8c95-aa996d242695, {\"command\":\"optimize:clear\",\"exit_code\":0,\"arguments\":{\"command\":\"optimize:clear\"},\"options\":{\"help\":false,\"quiet\":false,\"verbose\":false,\"version\":false,\"ansi\":null,\"no-interaction\":false,\"env\":null},\"hostname\":\"DESKTOP-0M1MD66\"}, 2024-11-04 12:43:20, ?, command, 9d68901d-64e9-4b7d-b1d7-648e5fadf333)) at C:\\xampp\\htdocs\\worktech-master\\worktech-master\\vendor\\laravel\\framework\\src\\Illuminate\\Database\\Connection.php:712)
[stacktrace]
#0 C:\\xampp\\htdocs\\worktech-master\\worktech-master\\vendor\\laravel\\framework\\src\\Illuminate\\Database\\Connection.php(672): Illuminate\\Database\\Connection->runQueryCallback('insert into `te...', Array, Object(Closure))
#1 C:\\xampp\\htdocs\\worktech-master\\worktech-master\\vendor\\laravel\\framework\\src\\Illuminate\\Database\\Connection.php(502): Illuminate\\Database\\Connection->run('insert into `te...', Array, Object(Closure))
#2 C:\\xampp\\htdocs\\worktech-master\\worktech-master\\vendor\\laravel\\framework\\src\\Illuminate\\Database\\Connection.php(454): Illuminate\\Database\\Connection->statement('insert into `te...', Array)
#3 C:\\xampp\\htdocs\\worktech-master\\worktech-master\\vendor\\laravel\\framework\\src\\Illuminate\\Database\\Query\\Builder.php(2980): Illuminate\\Database\\Connection->insert('insert into `te...', Array)
#4 C:\\xampp\\htdocs\\worktech-master\\worktech-master\\vendor\\laravel\\telescope\\src\\Storage\\DatabaseEntriesRepository.php(149): Illuminate\\Database\\Query\\Builder->insert(Array)
#5 C:\\xampp\\htdocs\\worktech-master\\worktech-master\\vendor\\laravel\\framework\\src\\Illuminate\\Collections\\Traits\\EnumeratesValues.php(245): Laravel\\Telescope\\Storage\\DatabaseEntriesRepository->Laravel\\Telescope\\Storage\\{closure}(Object(Illuminate\\Support\\Collection), 0)
#6 C:\\xampp\\htdocs\\worktech-master\\worktech-master\\vendor\\laravel\\telescope\\src\\Storage\\DatabaseEntriesRepository.php(150): Illuminate\\Support\\Collection->each(Object(Closure))
#7 C:\\xampp\\htdocs\\worktech-master\\worktech-master\\vendor\\laravel\\telescope\\src\\Telescope.php(668): Laravel\\Telescope\\Storage\\DatabaseEntriesRepository->store(Object(Illuminate\\Support\\Collection))
#8 [internal function]: Laravel\\Telescope\\Telescope::Laravel\\Telescope\\{closure}()
#9 C:\\xampp\\htdocs\\worktech-master\\worktech-master\\vendor\\laravel\\telescope\\src\\Telescope.php(293): call_user_func(Object(Closure))
#10 C:\\xampp\\htdocs\\worktech-master\\worktech-master\\vendor\\laravel\\telescope\\src\\Telescope.php(686): Laravel\\Telescope\\Telescope::withoutRecording(Object(Closure))
#11 C:\\xampp\\htdocs\\worktech-master\\worktech-master\\vendor\\laravel\\telescope\\src\\ListensForStorageOpportunities.php(65): Laravel\\Telescope\\Telescope::store(Object(Laravel\\Telescope\\Storage\\DatabaseEntriesRepository))
#12 C:\\xampp\\htdocs\\worktech-master\\worktech-master\\vendor\\laravel\\framework\\src\\Illuminate\\Container\\BoundMethod.php(36): Laravel\\Telescope\\Telescope::Laravel\\Telescope\\{closure}()
#13 C:\\xampp\\htdocs\\worktech-master\\worktech-master\\vendor\\laravel\\framework\\src\\Illuminate\\Container\\Util.php(40): Illuminate\\Container\\BoundMethod::Illuminate\\Container\\{closure}()
#14 C:\\xampp\\htdocs\\worktech-master\\worktech-master\\vendor\\laravel\\framework\\src\\Illuminate\\Container\\BoundMethod.php(81): Illuminate\\Container\\Util::unwrapIfClosure(Object(Closure))
#15 C:\\xampp\\htdocs\\worktech-master\\worktech-master\\vendor\\laravel\\framework\\src\\Illuminate\\Container\\BoundMethod.php(37): Illuminate\\Container\\BoundMethod::callBoundMethod(Object(Illuminate\\Foundation\\Application), Object(Closure), Object(Closure))
#16 C:\\xampp\\htdocs\\worktech-master\\worktech-master\\vendor\\laravel\\framework\\src\\Illuminate\\Container\\Container.php(653): Illuminate\\Container\\BoundMethod::call(Object(Illuminate\\Foundation\\Application), Object(Closure), Array, NULL)
#17 C:\\xampp\\htdocs\\worktech-master\\worktech-master\\vendor\\laravel\\framework\\src\\Illuminate\\Foundation\\Application.php(1158): Illuminate\\Container\\Container->call(Object(Closure))
#18 C:\\xampp\\htdocs\\worktech-master\\worktech-master\\vendor\\laravel\\framework\\src\\Illuminate\\Foundation\\Console\\Kernel.php(148): Illuminate\\Foundation\\Application->terminate()
#19 C:\\xampp\\htdocs\\worktech-master\\worktech-master\\artisan(51): Illuminate\\Foundation\\Console\\Kernel->terminate(Object(Symfony\\Component\\Console\\Input\\ArgvInput), 0)
#20 {main}

[previous exception] [object] (Doctrine\\DBAL\\Driver\\PDO\\Exception(code: 42S02): SQLSTATE[42S02]: Base table or view not found: 1146 Table 'mylaravel.telescope_entries' doesn't exist at C:\\xampp\\htdocs\\worktech-master\\worktech-master\\vendor\\doctrine\\dbal\\lib\\Doctrine\\DBAL\\Driver\\PDO\\Exception.php:18)
[stacktrace]
#0 C:\\xampp\\htdocs\\worktech-master\\worktech-master\\vendor\\doctrine\\dbal\\lib\\Doctrine\\DBAL\\Driver\\PDOConnection.php(87): Doctrine\\DBAL\\Driver\\PDO\\Exception::new(Object(PDOException))
#1 C:\\xampp\\htdocs\\worktech-master\\worktech-master\\vendor\\laravel\\framework\\src\\Illuminate\\Database\\Connection.php(495): Doctrine\\DBAL\\Driver\\PDOConnection->prepare('insert into `te...')
#2 C:\\xampp\\htdocs\\worktech-master\\worktech-master\\vendor\\laravel\\framework\\src\\Illuminate\\Database\\Connection.php(705): Illuminate\\Database\\Connection->Illuminate\\Database\\{closure}('insert into `te...', Array)
#3 C:\\xampp\\htdocs\\worktech-master\\worktech-master\\vendor\\laravel\\framework\\src\\Illuminate\\Database\\Connection.php(672): Illuminate\\Database\\Connection->runQueryCallback('insert into `te...', Array, Object(Closure))
#4 C:\\xampp\\htdocs\\worktech-master\\worktech-master\\vendor\\laravel\\framework\\src\\Illuminate\\Database\\Connection.php(502): Illuminate\\Database\\Connection->run('insert into `te...', Array, Object(Closure))
#5 C:\\xampp\\htdocs\\worktech-master\\worktech-master\\vendor\\laravel\\framework\\src\\Illuminate\\Database\\Connection.php(454): Illuminate\\Database\\Connection->statement('insert into `te...', Array)
#6 C:\\xampp\\htdocs\\worktech-master\\worktech-master\\vendor\\laravel\\framework\\src\\Illuminate\\Database\\Query\\Builder.php(2980): Illuminate\\Database\\Connection->insert('insert into `te...', Array)
#7 C:\\xampp\\htdocs\\worktech-master\\worktech-master\\vendor\\laravel\\telescope\\src\\Storage\\DatabaseEntriesRepository.php(149): Illuminate\\Database\\Query\\Builder->insert(Array)
#8 C:\\xampp\\htdocs\\worktech-master\\worktech-master\\vendor\\laravel\\framework\\src\\Illuminate\\Collections\\Traits\\EnumeratesValues.php(245): Laravel\\Telescope\\Storage\\DatabaseEntriesRepository->Laravel\\Telescope\\Storage\\{closure}(Object(Illuminate\\Support\\Collection), 0)
#9 C:\\xampp\\htdocs\\worktech-master\\worktech-master\\vendor\\laravel\\telescope\\src\\Storage\\DatabaseEntriesRepository.php(150): Illuminate\\Support\\Collection->each(Object(Closure))
#10 C:\\xampp\\htdocs\\worktech-master\\worktech-master\\vendor\\laravel\\telescope\\src\\Telescope.php(668): Laravel\\Telescope\\Storage\\DatabaseEntriesRepository->store(Object(Illuminate\\Support\\Collection))
#11 [internal function]: Laravel\\Telescope\\Telescope::Laravel\\Telescope\\{closure}()
#12 C:\\xampp\\htdocs\\worktech-master\\worktech-master\\vendor\\laravel\\telescope\\src\\Telescope.php(293): call_user_func(Object(Closure))
#13 C:\\xampp\\htdocs\\worktech-master\\worktech-master\\vendor\\laravel\\telescope\\src\\Telescope.php(686): Laravel\\Telescope\\Telescope::withoutRecording(Object(Closure))
#14 C:\\xampp\\htdocs\\worktech-master\\worktech-master\\vendor\\laravel\\telescope\\src\\ListensForStorageOpportunities.php(65): Laravel\\Telescope\\Telescope::store(Object(Laravel\\Telescope\\Storage\\DatabaseEntriesRepository))
#15 C:\\xampp\\htdocs\\worktech-master\\worktech-master\\vendor\\laravel\\framework\\src\\Illuminate\\Container\\BoundMethod.php(36): Laravel\\Telescope\\Telescope::Laravel\\Telescope\\{closure}()
#16 C:\\xampp\\htdocs\\worktech-master\\worktech-master\\vendor\\laravel\\framework\\src\\Illuminate\\Container\\Util.php(40): Illuminate\\Container\\BoundMethod::Illuminate\\Container\\{closure}()
#17 C:\\xampp\\htdocs\\worktech-master\\worktech-master\\vendor\\laravel\\framework\\src\\Illuminate\\Container\\BoundMethod.php(81): Illuminate\\Container\\Util::unwrapIfClosure(Object(Closure))
#18 C:\\xampp\\htdocs\\worktech-master\\worktech-master\\vendor\\laravel\\framework\\src\\Illuminate\\Container\\BoundMethod.php(37): Illuminate\\Container\\BoundMethod::callBoundMethod(Object(Illuminate\\Foundation\\Application), Object(Closure), Object(Closure))
#19 C:\\xampp\\htdocs\\worktech-master\\worktech-master\\vendor\\laravel\\framework\\src\\Illuminate\\Container\\Container.php(653): Illuminate\\Container\\BoundMethod::call(Object(Illuminate\\Foundation\\Application), Object(Closure), Array, NULL)
#20 C:\\xampp\\htdocs\\worktech-master\\worktech-master\\vendor\\laravel\\framework\\src\\Illuminate\\Foundation\\Application.php(1158): Illuminate\\Container\\Container->call(Object(Closure))
#21 C:\\xampp\\htdocs\\worktech-master\\worktech-master\\vendor\\laravel\\framework\\src\\Illuminate\\Foundation\\Console\\Kernel.php(148): Illuminate\\Foundation\\Application->terminate()
#22 C:\\xampp\\htdocs\\worktech-master\\worktech-master\\artisan(51): Illuminate\\Foundation\\Console\\Kernel->terminate(Object(Symfony\\Component\\Console\\Input\\ArgvInput), 0)
#23 {main}

[previous exception] [object] (PDOException(code: 42S02): SQLSTATE[42S02]: Base table or view not found: 1146 Table 'mylaravel.telescope_entries' doesn't exist at C:\\xampp\\htdocs\\worktech-master\\worktech-master\\vendor\\doctrine\\dbal\\lib\\Doctrine\\DBAL\\Driver\\PDOConnection.php:82)
[stacktrace]
#0 C:\\xampp\\htdocs\\worktech-master\\worktech-master\\vendor\\doctrine\\dbal\\lib\\Doctrine\\DBAL\\Driver\\PDOConnection.php(82): PDO->prepare('insert into `te...', Array)
#1 C:\\xampp\\htdocs\\worktech-master\\worktech-master\\vendor\\laravel\\framework\\src\\Illuminate\\Database\\Connection.php(495): Doctrine\\DBAL\\Driver\\PDOConnection->prepare('insert into `te...')
#2 C:\\xampp\\htdocs\\worktech-master\\worktech-master\\vendor\\laravel\\framework\\src\\Illuminate\\Database\\Connection.php(705): Illuminate\\Database\\Connection->Illuminate\\Database\\{closure}('insert into `te...', Array)
#3 C:\\xampp\\htdocs\\worktech-master\\worktech-master\\vendor\\laravel\\framework\\src\\Illuminate\\Database\\Connection.php(672): Illuminate\\Database\\Connection->runQueryCallback('insert into `te...', Array, Object(Closure))
#4 C:\\xampp\\htdocs\\worktech-master\\worktech-master\\vendor\\laravel\\framework\\src\\Illuminate\\Database\\Connection.php(502): Illuminate\\Database\\Connection->run('insert into `te...', Array, Object(Closure))
#5 C:\\xampp\\htdocs\\worktech-master\\worktech-master\\vendor\\laravel\\framework\\src\\Illuminate\\Database\\Connection.php(454): Illuminate\\Database\\Connection->statement('insert into `te...', Array)
#6 C:\\xampp\\htdocs\\worktech-master\\worktech-master\\vendor\\laravel\\framework\\src\\Illuminate\\Database\\Query\\Builder.php(2980): Illuminate\\Database\\Connection->insert('insert into `te...', Array)
#7 C:\\xampp\\htdocs\\worktech-master\\worktech-master\\vendor\\laravel\\telescope\\src\\Storage\\DatabaseEntriesRepository.php(149): Illuminate\\Database\\Query\\Builder->insert(Array)
#8 C:\\xampp\\htdocs\\worktech-master\\worktech-master\\vendor\\laravel\\framework\\src\\Illuminate\\Collections\\Traits\\EnumeratesValues.php(245): Laravel\\Telescope\\Storage\\DatabaseEntriesRepository->Laravel\\Telescope\\Storage\\{closure}(Object(Illuminate\\Support\\Collection), 0)
#9 C:\\xampp\\htdocs\\worktech-master\\worktech-master\\vendor\\laravel\\telescope\\src\\Storage\\DatabaseEntriesRepository.php(150): Illuminate\\Support\\Collection->each(Object(Closure))
#10 C:\\xampp\\htdocs\\worktech-master\\worktech-master\\vendor\\laravel\\telescope\\src\\Telescope.php(668): Laravel\\Telescope\\Storage\\DatabaseEntriesRepository->store(Object(Illuminate\\Support\\Collection))
#11 [internal function]: Laravel\\Telescope\\Telescope::Laravel\\Telescope\\{closure}()
#12 C:\\xampp\\htdocs\\worktech-master\\worktech-master\\vendor\\laravel\\telescope\\src\\Telescope.php(293): call_user_func(Object(Closure))
#13 C:\\xampp\\htdocs\\worktech-master\\worktech-master\\vendor\\laravel\\telescope\\src\\Telescope.php(686): Laravel\\Telescope\\Telescope::withoutRecording(Object(Closure))
#14 C:\\xampp\\htdocs\\worktech-master\\worktech-master\\vendor\\laravel\\telescope\\src\\ListensForStorageOpportunities.php(65): Laravel\\Telescope\\Telescope::store(Object(Laravel\\Telescope\\Storage\\DatabaseEntriesRepository))
#15 C:\\xampp\\htdocs\\worktech-master\\worktech-master\\vendor\\laravel\\framework\\src\\Illuminate\\Container\\BoundMethod.php(36): Laravel\\Telescope\\Telescope::Laravel\\Telescope\\{closure}()
#16 C:\\xampp\\htdocs\\worktech-master\\worktech-master\\vendor\\laravel\\framework\\src\\Illuminate\\Container\\Util.php(40): Illuminate\\Container\\BoundMethod::Illuminate\\Container\\{closure}()
#17 C:\\xampp\\htdocs\\worktech-master\\worktech-master\\vendor\\laravel\\framework\\src\\Illuminate\\Container\\BoundMethod.php(81): Illuminate\\Container\\Util::unwrapIfClosure(Object(Closure))
#18 C:\\xampp\\htdocs\\worktech-master\\worktech-master\\vendor\\laravel\\framework\\src\\Illuminate\\Container\\BoundMethod.php(37): Illuminate\\Container\\BoundMethod::callBoundMethod(Object(Illuminate\\Foundation\\Application), Object(Closure), Object(Closure))
#19 C:\\xampp\\htdocs\\worktech-master\\worktech-master\\vendor\\laravel\\framework\\src\\Illuminate\\Container\\Container.php(653): Illuminate\\Container\\BoundMethod::call(Object(Illuminate\\Foundation\\Application), Object(Closure), Array, NULL)
#20 C:\\xampp\\htdocs\\worktech-master\\worktech-master\\vendor\\laravel\\framework\\src\\Illuminate\\Foundation\\Application.php(1158): Illuminate\\Container\\Container->call(Object(Closure))
#21 C:\\xampp\\htdocs\\worktech-master\\worktech-master\\vendor\\laravel\\framework\\src\\Illuminate\\Foundation\\Console\\Kernel.php(148): Illuminate\\Foundation\\Application->terminate()
#22 C:\\xampp\\htdocs\\worktech-master\\worktech-master\\artisan(51): Illuminate\\Foundation\\Console\\Kernel->terminate(Object(Symfony\\Component\\Console\\Input\\ArgvInput), 0)
#23 {main}
"} 
[2024-11-04 12:45:13] local.ERROR: No application encryption key has been specified. {"exception":"[object] (Illuminate\\Encryption\\MissingAppKeyException(code: 0): No application encryption key has been specified. at C:\\xampp\\htdocs\\worktech-master\\worktech-master\\vendor\\laravel\\framework\\src\\Illuminate\\Encryption\\EncryptionServiceProvider.php:101)
[stacktrace]
#0 C:\\xampp\\htdocs\\worktech-master\\worktech-master\\vendor\\laravel\\framework\\src\\Illuminate\\Support\\helpers.php(263): Illuminate\\Encryption\\EncryptionServiceProvider->Illuminate\\Encryption\\{closure}('')
#1 C:\\xampp\\htdocs\\worktech-master\\worktech-master\\vendor\\laravel\\framework\\src\\Illuminate\\Encryption\\EncryptionServiceProvider.php(103): tap('', Object(Closure))
#2 C:\\xampp\\htdocs\\worktech-master\\worktech-master\\vendor\\laravel\\framework\\src\\Illuminate\\Encryption\\EncryptionServiceProvider.php(82): Illuminate\\Encryption\\EncryptionServiceProvider->key(Array)
#3 C:\\xampp\\htdocs\\worktech-master\\worktech-master\\vendor\\laravel\\framework\\src\\Illuminate\\Encryption\\EncryptionServiceProvider.php(34): Illuminate\\Encryption\\EncryptionServiceProvider->parseKey(Array)
#4 C:\\xampp\\htdocs\\worktech-master\\worktech-master\\vendor\\laravel\\framework\\src\\Illuminate\\Container\\Container.php(873): Illuminate\\Encryption\\EncryptionServiceProvider->Illuminate\\Encryption\\{closure}(Object(Illuminate\\Foundation\\Application), Array)
#5 C:\\xampp\\htdocs\\worktech-master\\worktech-master\\vendor\\laravel\\framework\\src\\Illuminate\\Container\\Container.php(758): Illuminate\\Container\\Container->build(Object(Closure))
#6 C:\\xampp\\htdocs\\worktech-master\\worktech-master\\vendor\\laravel\\framework\\src\\Illuminate\\Foundation\\Application.php(851): Illuminate\\Container\\Container->resolve('encrypter', Array, true)
#7 C:\\xampp\\htdocs\\worktech-master\\worktech-master\\vendor\\laravel\\framework\\src\\Illuminate\\Container\\Container.php(694): Illuminate\\Foundation\\Application->resolve('encrypter', Array)
#8 C:\\xampp\\htdocs\\worktech-master\\worktech-master\\vendor\\laravel\\framework\\src\\Illuminate\\Foundation\\Application.php(836): Illuminate\\Container\\Container->make('encrypter', Array)
#9 C:\\xampp\\htdocs\\worktech-master\\worktech-master\\vendor\\laravel\\framework\\src\\Illuminate\\Container\\Container.php(1027): Illuminate\\Foundation\\Application->make('encrypter')
#10 C:\\xampp\\htdocs\\worktech-master\\worktech-master\\vendor\\laravel\\framework\\src\\Illuminate\\Container\\Container.php(947): Illuminate\\Container\\Container->resolveClass(Object(ReflectionParameter))
#11 C:\\xampp\\htdocs\\worktech-master\\worktech-master\\vendor\\laravel\\framework\\src\\Illuminate\\Container\\Container.php(908): Illuminate\\Container\\Container->resolveDependencies(Array)
#12 C:\\xampp\\htdocs\\worktech-master\\worktech-master\\vendor\\laravel\\framework\\src\\Illuminate\\Container\\Container.php(758): Illuminate\\Container\\Container->build('App\\\\Http\\\\Middle...')
#13 C:\\xampp\\htdocs\\worktech-master\\worktech-master\\vendor\\laravel\\framework\\src\\Illuminate\\Foundation\\Application.php(851): Illuminate\\Container\\Container->resolve('App\\\\Http\\\\Middle...', Array, true)
#14 C:\\xampp\\htdocs\\worktech-master\\worktech-master\\vendor\\laravel\\framework\\src\\Illuminate\\Container\\Container.php(694): Illuminate\\Foundation\\Application->resolve('App\\\\Http\\\\Middle...', Array)
#15 C:\\xampp\\htdocs\\worktech-master\\worktech-master\\vendor\\laravel\\framework\\src\\Illuminate\\Foundation\\Application.php(836): Illuminate\\Container\\Container->make('App\\\\Http\\\\Middle...', Array)
#16 C:\\xampp\\htdocs\\worktech-master\\worktech-master\\vendor\\laravel\\framework\\src\\Illuminate\\Pipeline\\Pipeline.php(156): Illuminate\\Foundation\\Application->make('App\\\\Http\\\\Middle...')
#17 C:\\xampp\\htdocs\\worktech-master\\worktech-master\\vendor\\fruitcake\\laravel-cors\\src\\HandleCors.php(38): Illuminate\\Pipeline\\Pipeline->Illuminate\\Pipeline\\{closure}(Object(Illuminate\\Http\\Request))
#18 C:\\xampp\\htdocs\\worktech-master\\worktech-master\\vendor\\laravel\\framework\\src\\Illuminate\\Pipeline\\Pipeline.php(167): Fruitcake\\Cors\\HandleCors->handle(Object(Illuminate\\Http\\Request), Object(Closure))
#19 C:\\xampp\\htdocs\\worktech-master\\worktech-master\\vendor\\laravel\\framework\\src\\Illuminate\\Pipeline\\Pipeline.php(103): Illuminate\\Pipeline\\Pipeline->Illuminate\\Pipeline\\{closure}(Object(Illuminate\\Http\\Request))
#20 C:\\xampp\\htdocs\\worktech-master\\worktech-master\\vendor\\laravel\\framework\\src\\Illuminate\\Routing\\Router.php(723): Illuminate\\Pipeline\\Pipeline->then(Object(Closure))
#21 C:\\xampp\\htdocs\\worktech-master\\worktech-master\\vendor\\laravel\\framework\\src\\Illuminate\\Routing\\Router.php(698): Illuminate\\Routing\\Router->runRouteWithinStack(Object(Illuminate\\Routing\\Route), Object(Illuminate\\Http\\Request))
#22 C:\\xampp\\htdocs\\worktech-master\\worktech-master\\vendor\\laravel\\framework\\src\\Illuminate\\Routing\\Router.php(662): Illuminate\\Routing\\Router->runRoute(Object(Illuminate\\Http\\Request), Object(Illuminate\\Routing\\Route))
#23 C:\\xampp\\htdocs\\worktech-master\\worktech-master\\vendor\\laravel\\framework\\src\\Illuminate\\Routing\\Router.php(651): Illuminate\\Routing\\Router->dispatchToRoute(Object(Illuminate\\Http\\Request))
#24 C:\\xampp\\htdocs\\worktech-master\\worktech-master\\vendor\\laravel\\framework\\src\\Illuminate\\Foundation\\Http\\Kernel.php(167): Illuminate\\Routing\\Router->dispatch(Object(Illuminate\\Http\\Request))
#25 C:\\xampp\\htdocs\\worktech-master\\worktech-master\\vendor\\laravel\\framework\\src\\Illuminate\\Pipeline\\Pipeline.php(128): Illuminate\\Foundation\\Http\\Kernel->Illuminate\\Foundation\\Http\\{closure}(Object(Illuminate\\Http\\Request))
#26 C:\\xampp\\htdocs\\worktech-master\\worktech-master\\vendor\\livewire\\livewire\\src\\DisableBrowserCache.php(19): Illuminate\\Pipeline\\Pipeline->Illuminate\\Pipeline\\{closure}(Object(Illuminate\\Http\\Request))
#27 C:\\xampp\\htdocs\\worktech-master\\worktech-master\\vendor\\laravel\\framework\\src\\Illuminate\\Pipeline\\Pipeline.php(167): Livewire\\DisableBrowserCache->handle(Object(Illuminate\\Http\\Request), Object(Closure))
#28 C:\\xampp\\htdocs\\worktech-master\\worktech-master\\vendor\\barryvdh\\laravel-debugbar\\src\\Middleware\\InjectDebugbar.php(59): Illuminate\\Pipeline\\Pipeline->Illuminate\\Pipeline\\{closure}(Object(Illuminate\\Http\\Request))
#29 C:\\xampp\\htdocs\\worktech-master\\worktech-master\\vendor\\laravel\\framework\\src\\Illuminate\\Pipeline\\Pipeline.php(167): Barryvdh\\Debugbar\\Middleware\\InjectDebugbar->handle(Object(Illuminate\\Http\\Request), Object(Closure))
#30 C:\\xampp\\htdocs\\worktech-master\\worktech-master\\vendor\\laravel\\framework\\src\\Illuminate\\Foundation\\Http\\Middleware\\TransformsRequest.php(21): Illuminate\\Pipeline\\Pipeline->Illuminate\\Pipeline\\{closure}(Object(Illuminate\\Http\\Request))
#31 C:\\xampp\\htdocs\\worktech-master\\worktech-master\\vendor\\laravel\\framework\\src\\Illuminate\\Foundation\\Http\\Middleware\\ConvertEmptyStringsToNull.php(31): Illuminate\\Foundation\\Http\\Middleware\\TransformsRequest->handle(Object(Illuminate\\Http\\Request), Object(Closure))
#32 C:\\xampp\\htdocs\\worktech-master\\worktech-master\\vendor\\laravel\\framework\\src\\Illuminate\\Pipeline\\Pipeline.php(167): Illuminate\\Foundation\\Http\\Middleware\\ConvertEmptyStringsToNull->handle(Object(Illuminate\\Http\\Request), Object(Closure))
#33 C:\\xampp\\htdocs\\worktech-master\\worktech-master\\vendor\\laravel\\framework\\src\\Illuminate\\Foundation\\Http\\Middleware\\TransformsRequest.php(21): Illuminate\\Pipeline\\Pipeline->Illuminate\\Pipeline\\{closure}(Object(Illuminate\\Http\\Request))
#34 C:\\xampp\\htdocs\\worktech-master\\worktech-master\\vendor\\laravel\\framework\\src\\Illuminate\\Foundation\\Http\\Middleware\\TrimStrings.php(40): Illuminate\\Foundation\\Http\\Middleware\\TransformsRequest->handle(Object(Illuminate\\Http\\Request), Object(Closure))
#35 C:\\xampp\\htdocs\\worktech-master\\worktech-master\\vendor\\laravel\\framework\\src\\Illuminate\\Pipeline\\Pipeline.php(167): Illuminate\\Foundation\\Http\\Middleware\\TrimStrings->handle(Object(Illuminate\\Http\\Request), Object(Closure))
#36 C:\\xampp\\htdocs\\worktech-master\\worktech-master\\vendor\\laravel\\framework\\src\\Illuminate\\Foundation\\Http\\Middleware\\ValidatePostSize.php(27): Illuminate\\Pipeline\\Pipeline->Illuminate\\Pipeline\\{closure}(Object(Illuminate\\Http\\Request))
#37 C:\\xampp\\htdocs\\worktech-master\\worktech-master\\vendor\\laravel\\framework\\src\\Illuminate\\Pipeline\\Pipeline.php(167): Illuminate\\Foundation\\Http\\Middleware\\ValidatePostSize->handle(Object(Illuminate\\Http\\Request), Object(Closure))
#38 C:\\xampp\\htdocs\\worktech-master\\worktech-master\\vendor\\laravel\\framework\\src\\Illuminate\\Foundation\\Http\\Middleware\\PreventRequestsDuringMaintenance.php(86): Illuminate\\Pipeline\\Pipeline->Illuminate\\Pipeline\\{closure}(Object(Illuminate\\Http\\Request))
#39 C:\\xampp\\htdocs\\worktech-master\\worktech-master\\vendor\\laravel\\framework\\src\\Illuminate\\Pipeline\\Pipeline.php(167): Illuminate\\Foundation\\Http\\Middleware\\PreventRequestsDuringMaintenance->handle(Object(Illuminate\\Http\\Request), Object(Closure))
#40 C:\\xampp\\htdocs\\worktech-master\\worktech-master\\vendor\\fideloper\\proxy\\src\\TrustProxies.php(57): Illuminate\\Pipeline\\Pipeline->Illuminate\\Pipeline\\{closure}(Object(Illuminate\\Http\\Request))
#41 C:\\xampp\\htdocs\\worktech-master\\worktech-master\\vendor\\laravel\\framework\\src\\Illuminate\\Pipeline\\Pipeline.php(167): Fideloper\\Proxy\\TrustProxies->handle(Object(Illuminate\\Http\\Request), Object(Closure))
#42 C:\\xampp\\htdocs\\worktech-master\\worktech-master\\vendor\\laravel\\framework\\src\\Illuminate\\Pipeline\\Pipeline.php(103): Illuminate\\Pipeline\\Pipeline->Illuminate\\Pipeline\\{closure}(Object(Illuminate\\Http\\Request))
#43 C:\\xampp\\htdocs\\worktech-master\\worktech-master\\vendor\\laravel\\framework\\src\\Illuminate\\Foundation\\Http\\Kernel.php(142): Illuminate\\Pipeline\\Pipeline->then(Object(Closure))
#44 C:\\xampp\\htdocs\\worktech-master\\worktech-master\\vendor\\laravel\\framework\\src\\Illuminate\\Foundation\\Http\\Kernel.php(111): Illuminate\\Foundation\\Http\\Kernel->sendRequestThroughRouter(Object(Illuminate\\Http\\Request))
#45 C:\\xampp\\htdocs\\worktech-master\\worktech-master\\public\\index.php(55): Illuminate\\Foundation\\Http\\Kernel->handle(Object(Illuminate\\Http\\Request))
#46 C:\\xampp\\htdocs\\worktech-master\\worktech-master\\server.php(21): require_once('C:\\\\xampp\\\\htdocs...')
#47 {main}
"} 
[2024-11-04 12:45:13] local.ERROR: No application encryption key has been specified. {"exception":"[object] (Illuminate\\Encryption\\MissingAppKeyException(code: 0): No application encryption key has been specified. at C:\\xampp\\htdocs\\worktech-master\\worktech-master\\vendor\\laravel\\framework\\src\\Illuminate\\Encryption\\EncryptionServiceProvider.php:101)
[stacktrace]
#0 C:\\xampp\\htdocs\\worktech-master\\worktech-master\\vendor\\laravel\\framework\\src\\Illuminate\\Support\\helpers.php(263): Illuminate\\Encryption\\EncryptionServiceProvider->Illuminate\\Encryption\\{closure}('')
#1 C:\\xampp\\htdocs\\worktech-master\\worktech-master\\vendor\\laravel\\framework\\src\\Illuminate\\Encryption\\EncryptionServiceProvider.php(103): tap('', Object(Closure))
#2 C:\\xampp\\htdocs\\worktech-master\\worktech-master\\vendor\\laravel\\framework\\src\\Illuminate\\Encryption\\EncryptionServiceProvider.php(82): Illuminate\\Encryption\\EncryptionServiceProvider->key(Array)
#3 C:\\xampp\\htdocs\\worktech-master\\worktech-master\\vendor\\laravel\\framework\\src\\Illuminate\\Encryption\\EncryptionServiceProvider.php(34): Illuminate\\Encryption\\EncryptionServiceProvider->parseKey(Array)
#4 C:\\xampp\\htdocs\\worktech-master\\worktech-master\\vendor\\laravel\\framework\\src\\Illuminate\\Container\\Container.php(873): Illuminate\\Encryption\\EncryptionServiceProvider->Illuminate\\Encryption\\{closure}(Object(Illuminate\\Foundation\\Application), Array)
#5 C:\\xampp\\htdocs\\worktech-master\\worktech-master\\vendor\\laravel\\framework\\src\\Illuminate\\Container\\Container.php(758): Illuminate\\Container\\Container->build(Object(Closure))
#6 C:\\xampp\\htdocs\\worktech-master\\worktech-master\\vendor\\laravel\\framework\\src\\Illuminate\\Foundation\\Application.php(851): Illuminate\\Container\\Container->resolve('encrypter', Array, true)
#7 C:\\xampp\\htdocs\\worktech-master\\worktech-master\\vendor\\laravel\\framework\\src\\Illuminate\\Container\\Container.php(694): Illuminate\\Foundation\\Application->resolve('encrypter', Array)
#8 C:\\xampp\\htdocs\\worktech-master\\worktech-master\\vendor\\laravel\\framework\\src\\Illuminate\\Foundation\\Application.php(836): Illuminate\\Container\\Container->make('encrypter', Array)
#9 C:\\xampp\\htdocs\\worktech-master\\worktech-master\\vendor\\laravel\\framework\\src\\Illuminate\\Container\\Container.php(1027): Illuminate\\Foundation\\Application->make('encrypter')
#10 C:\\xampp\\htdocs\\worktech-master\\worktech-master\\vendor\\laravel\\framework\\src\\Illuminate\\Container\\Container.php(947): Illuminate\\Container\\Container->resolveClass(Object(ReflectionParameter))
#11 C:\\xampp\\htdocs\\worktech-master\\worktech-master\\vendor\\laravel\\framework\\src\\Illuminate\\Container\\Container.php(908): Illuminate\\Container\\Container->resolveDependencies(Array)
#12 C:\\xampp\\htdocs\\worktech-master\\worktech-master\\vendor\\laravel\\framework\\src\\Illuminate\\Container\\Container.php(758): Illuminate\\Container\\Container->build('App\\\\Http\\\\Middle...')
#13 C:\\xampp\\htdocs\\worktech-master\\worktech-master\\vendor\\laravel\\framework\\src\\Illuminate\\Foundation\\Application.php(851): Illuminate\\Container\\Container->resolve('App\\\\Http\\\\Middle...', Array, true)
#14 C:\\xampp\\htdocs\\worktech-master\\worktech-master\\vendor\\laravel\\framework\\src\\Illuminate\\Container\\Container.php(694): Illuminate\\Foundation\\Application->resolve('App\\\\Http\\\\Middle...', Array)
#15 C:\\xampp\\htdocs\\worktech-master\\worktech-master\\vendor\\laravel\\framework\\src\\Illuminate\\Foundation\\Application.php(836): Illuminate\\Container\\Container->make('App\\\\Http\\\\Middle...', Array)
#16 C:\\xampp\\htdocs\\worktech-master\\worktech-master\\vendor\\laravel\\framework\\src\\Illuminate\\Foundation\\Http\\Kernel.php(206): Illuminate\\Foundation\\Application->make('App\\\\Http\\\\Middle...')
#17 C:\\xampp\\htdocs\\worktech-master\\worktech-master\\vendor\\laravel\\framework\\src\\Illuminate\\Foundation\\Http\\Kernel.php(180): Illuminate\\Foundation\\Http\\Kernel->terminateMiddleware(Object(Illuminate\\Http\\Request), Object(Illuminate\\Http\\Response))
#18 C:\\xampp\\htdocs\\worktech-master\\worktech-master\\public\\index.php(60): Illuminate\\Foundation\\Http\\Kernel->terminate(Object(Illuminate\\Http\\Request), Object(Illuminate\\Http\\Response))
#19 C:\\xampp\\htdocs\\worktech-master\\worktech-master\\server.php(21): require_once('C:\\\\xampp\\\\htdocs...')
#20 {main}
"} 
[2024-11-04 12:47:26] local.ERROR: No application encryption key has been specified. {"exception":"[object] (Illuminate\\Encryption\\MissingAppKeyException(code: 0): No application encryption key has been specified. at C:\\xampp\\htdocs\\worktech-master\\worktech-master\\vendor\\laravel\\framework\\src\\Illuminate\\Encryption\\EncryptionServiceProvider.php:101)
[stacktrace]
#0 C:\\xampp\\htdocs\\worktech-master\\worktech-master\\vendor\\laravel\\framework\\src\\Illuminate\\Support\\helpers.php(263): Illuminate\\Encryption\\EncryptionServiceProvider->Illuminate\\Encryption\\{closure}('')
#1 C:\\xampp\\htdocs\\worktech-master\\worktech-master\\vendor\\laravel\\framework\\src\\Illuminate\\Encryption\\EncryptionServiceProvider.php(103): tap('', Object(Closure))
#2 C:\\xampp\\htdocs\\worktech-master\\worktech-master\\vendor\\laravel\\framework\\src\\Illuminate\\Encryption\\EncryptionServiceProvider.php(82): Illuminate\\Encryption\\EncryptionServiceProvider->key(Array)
#3 C:\\xampp\\htdocs\\worktech-master\\worktech-master\\vendor\\laravel\\framework\\src\\Illuminate\\Encryption\\EncryptionServiceProvider.php(34): Illuminate\\Encryption\\EncryptionServiceProvider->parseKey(Array)
#4 C:\\xampp\\htdocs\\worktech-master\\worktech-master\\vendor\\laravel\\framework\\src\\Illuminate\\Container\\Container.php(873): Illuminate\\Encryption\\EncryptionServiceProvider->Illuminate\\Encryption\\{closure}(Object(Illuminate\\Foundation\\Application), Array)
#5 C:\\xampp\\htdocs\\worktech-master\\worktech-master\\vendor\\laravel\\framework\\src\\Illuminate\\Container\\Container.php(758): Illuminate\\Container\\Container->build(Object(Closure))
#6 C:\\xampp\\htdocs\\worktech-master\\worktech-master\\vendor\\laravel\\framework\\src\\Illuminate\\Foundation\\Application.php(851): Illuminate\\Container\\Container->resolve('encrypter', Array, true)
#7 C:\\xampp\\htdocs\\worktech-master\\worktech-master\\vendor\\laravel\\framework\\src\\Illuminate\\Container\\Container.php(694): Illuminate\\Foundation\\Application->resolve('encrypter', Array)
#8 C:\\xampp\\htdocs\\worktech-master\\worktech-master\\vendor\\laravel\\framework\\src\\Illuminate\\Foundation\\Application.php(836): Illuminate\\Container\\Container->make('encrypter', Array)
#9 C:\\xampp\\htdocs\\worktech-master\\worktech-master\\vendor\\laravel\\framework\\src\\Illuminate\\Container\\Container.php(1027): Illuminate\\Foundation\\Application->make('encrypter')
#10 C:\\xampp\\htdocs\\worktech-master\\worktech-master\\vendor\\laravel\\framework\\src\\Illuminate\\Container\\Container.php(947): Illuminate\\Container\\Container->resolveClass(Object(ReflectionParameter))
#11 C:\\xampp\\htdocs\\worktech-master\\worktech-master\\vendor\\laravel\\framework\\src\\Illuminate\\Container\\Container.php(908): Illuminate\\Container\\Container->resolveDependencies(Array)
#12 C:\\xampp\\htdocs\\worktech-master\\worktech-master\\vendor\\laravel\\framework\\src\\Illuminate\\Container\\Container.php(758): Illuminate\\Container\\Container->build('App\\\\Http\\\\Middle...')
#13 C:\\xampp\\htdocs\\worktech-master\\worktech-master\\vendor\\laravel\\framework\\src\\Illuminate\\Foundation\\Application.php(851): Illuminate\\Container\\Container->resolve('App\\\\Http\\\\Middle...', Array, true)
#14 C:\\xampp\\htdocs\\worktech-master\\worktech-master\\vendor\\laravel\\framework\\src\\Illuminate\\Container\\Container.php(694): Illuminate\\Foundation\\Application->resolve('App\\\\Http\\\\Middle...', Array)
#15 C:\\xampp\\htdocs\\worktech-master\\worktech-master\\vendor\\laravel\\framework\\src\\Illuminate\\Foundation\\Application.php(836): Illuminate\\Container\\Container->make('App\\\\Http\\\\Middle...', Array)
#16 C:\\xampp\\htdocs\\worktech-master\\worktech-master\\vendor\\laravel\\framework\\src\\Illuminate\\Pipeline\\Pipeline.php(156): Illuminate\\Foundation\\Application->make('App\\\\Http\\\\Middle...')
#17 C:\\xampp\\htdocs\\worktech-master\\worktech-master\\vendor\\fruitcake\\laravel-cors\\src\\HandleCors.php(38): Illuminate\\Pipeline\\Pipeline->Illuminate\\Pipeline\\{closure}(Object(Illuminate\\Http\\Request))
#18 C:\\xampp\\htdocs\\worktech-master\\worktech-master\\vendor\\laravel\\framework\\src\\Illuminate\\Pipeline\\Pipeline.php(167): Fruitcake\\Cors\\HandleCors->handle(Object(Illuminate\\Http\\Request), Object(Closure))
#19 C:\\xampp\\htdocs\\worktech-master\\worktech-master\\vendor\\laravel\\framework\\src\\Illuminate\\Pipeline\\Pipeline.php(103): Illuminate\\Pipeline\\Pipeline->Illuminate\\Pipeline\\{closure}(Object(Illuminate\\Http\\Request))
#20 C:\\xampp\\htdocs\\worktech-master\\worktech-master\\vendor\\laravel\\framework\\src\\Illuminate\\Routing\\Router.php(723): Illuminate\\Pipeline\\Pipeline->then(Object(Closure))
#21 C:\\xampp\\htdocs\\worktech-master\\worktech-master\\vendor\\laravel\\framework\\src\\Illuminate\\Routing\\Router.php(698): Illuminate\\Routing\\Router->runRouteWithinStack(Object(Illuminate\\Routing\\Route), Object(Illuminate\\Http\\Request))
#22 C:\\xampp\\htdocs\\worktech-master\\worktech-master\\vendor\\laravel\\framework\\src\\Illuminate\\Routing\\Router.php(662): Illuminate\\Routing\\Router->runRoute(Object(Illuminate\\Http\\Request), Object(Illuminate\\Routing\\Route))
#23 C:\\xampp\\htdocs\\worktech-master\\worktech-master\\vendor\\laravel\\framework\\src\\Illuminate\\Routing\\Router.php(651): Illuminate\\Routing\\Router->dispatchToRoute(Object(Illuminate\\Http\\Request))
#24 C:\\xampp\\htdocs\\worktech-master\\worktech-master\\vendor\\laravel\\framework\\src\\Illuminate\\Foundation\\Http\\Kernel.php(167): Illuminate\\Routing\\Router->dispatch(Object(Illuminate\\Http\\Request))
#25 C:\\xampp\\htdocs\\worktech-master\\worktech-master\\vendor\\laravel\\framework\\src\\Illuminate\\Pipeline\\Pipeline.php(128): Illuminate\\Foundation\\Http\\Kernel->Illuminate\\Foundation\\Http\\{closure}(Object(Illuminate\\Http\\Request))
#26 C:\\xampp\\htdocs\\worktech-master\\worktech-master\\vendor\\livewire\\livewire\\src\\DisableBrowserCache.php(19): Illuminate\\Pipeline\\Pipeline->Illuminate\\Pipeline\\{closure}(Object(Illuminate\\Http\\Request))
#27 C:\\xampp\\htdocs\\worktech-master\\worktech-master\\vendor\\laravel\\framework\\src\\Illuminate\\Pipeline\\Pipeline.php(167): Livewire\\DisableBrowserCache->handle(Object(Illuminate\\Http\\Request), Object(Closure))
#28 C:\\xampp\\htdocs\\worktech-master\\worktech-master\\vendor\\barryvdh\\laravel-debugbar\\src\\Middleware\\InjectDebugbar.php(59): Illuminate\\Pipeline\\Pipeline->Illuminate\\Pipeline\\{closure}(Object(Illuminate\\Http\\Request))
#29 C:\\xampp\\htdocs\\worktech-master\\worktech-master\\vendor\\laravel\\framework\\src\\Illuminate\\Pipeline\\Pipeline.php(167): Barryvdh\\Debugbar\\Middleware\\InjectDebugbar->handle(Object(Illuminate\\Http\\Request), Object(Closure))
#30 C:\\xampp\\htdocs\\worktech-master\\worktech-master\\vendor\\laravel\\framework\\src\\Illuminate\\Foundation\\Http\\Middleware\\TransformsRequest.php(21): Illuminate\\Pipeline\\Pipeline->Illuminate\\Pipeline\\{closure}(Object(Illuminate\\Http\\Request))
#31 C:\\xampp\\htdocs\\worktech-master\\worktech-master\\vendor\\laravel\\framework\\src\\Illuminate\\Foundation\\Http\\Middleware\\ConvertEmptyStringsToNull.php(31): Illuminate\\Foundation\\Http\\Middleware\\TransformsRequest->handle(Object(Illuminate\\Http\\Request), Object(Closure))
#32 C:\\xampp\\htdocs\\worktech-master\\worktech-master\\vendor\\laravel\\framework\\src\\Illuminate\\Pipeline\\Pipeline.php(167): Illuminate\\Foundation\\Http\\Middleware\\ConvertEmptyStringsToNull->handle(Object(Illuminate\\Http\\Request), Object(Closure))
#33 C:\\xampp\\htdocs\\worktech-master\\worktech-master\\vendor\\laravel\\framework\\src\\Illuminate\\Foundation\\Http\\Middleware\\TransformsRequest.php(21): Illuminate\\Pipeline\\Pipeline->Illuminate\\Pipeline\\{closure}(Object(Illuminate\\Http\\Request))
#34 C:\\xampp\\htdocs\\worktech-master\\worktech-master\\vendor\\laravel\\framework\\src\\Illuminate\\Foundation\\Http\\Middleware\\TrimStrings.php(40): Illuminate\\Foundation\\Http\\Middleware\\TransformsRequest->handle(Object(Illuminate\\Http\\Request), Object(Closure))
#35 C:\\xampp\\htdocs\\worktech-master\\worktech-master\\vendor\\laravel\\framework\\src\\Illuminate\\Pipeline\\Pipeline.php(167): Illuminate\\Foundation\\Http\\Middleware\\TrimStrings->handle(Object(Illuminate\\Http\\Request), Object(Closure))
#36 C:\\xampp\\htdocs\\worktech-master\\worktech-master\\vendor\\laravel\\framework\\src\\Illuminate\\Foundation\\Http\\Middleware\\ValidatePostSize.php(27): Illuminate\\Pipeline\\Pipeline->Illuminate\\Pipeline\\{closure}(Object(Illuminate\\Http\\Request))
#37 C:\\xampp\\htdocs\\worktech-master\\worktech-master\\vendor\\laravel\\framework\\src\\Illuminate\\Pipeline\\Pipeline.php(167): Illuminate\\Foundation\\Http\\Middleware\\ValidatePostSize->handle(Object(Illuminate\\Http\\Request), Object(Closure))
#38 C:\\xampp\\htdocs\\worktech-master\\worktech-master\\vendor\\laravel\\framework\\src\\Illuminate\\Foundation\\Http\\Middleware\\PreventRequestsDuringMaintenance.php(86): Illuminate\\Pipeline\\Pipeline->Illuminate\\Pipeline\\{closure}(Object(Illuminate\\Http\\Request))
#39 C:\\xampp\\htdocs\\worktech-master\\worktech-master\\vendor\\laravel\\framework\\src\\Illuminate\\Pipeline\\Pipeline.php(167): Illuminate\\Foundation\\Http\\Middleware\\PreventRequestsDuringMaintenance->handle(Object(Illuminate\\Http\\Request), Object(Closure))
#40 C:\\xampp\\htdocs\\worktech-master\\worktech-master\\vendor\\fideloper\\proxy\\src\\TrustProxies.php(57): Illuminate\\Pipeline\\Pipeline->Illuminate\\Pipeline\\{closure}(Object(Illuminate\\Http\\Request))
#41 C:\\xampp\\htdocs\\worktech-master\\worktech-master\\vendor\\laravel\\framework\\src\\Illuminate\\Pipeline\\Pipeline.php(167): Fideloper\\Proxy\\TrustProxies->handle(Object(Illuminate\\Http\\Request), Object(Closure))
#42 C:\\xampp\\htdocs\\worktech-master\\worktech-master\\vendor\\laravel\\framework\\src\\Illuminate\\Pipeline\\Pipeline.php(103): Illuminate\\Pipeline\\Pipeline->Illuminate\\Pipeline\\{closure}(Object(Illuminate\\Http\\Request))
#43 C:\\xampp\\htdocs\\worktech-master\\worktech-master\\vendor\\laravel\\framework\\src\\Illuminate\\Foundation\\Http\\Kernel.php(142): Illuminate\\Pipeline\\Pipeline->then(Object(Closure))
#44 C:\\xampp\\htdocs\\worktech-master\\worktech-master\\vendor\\laravel\\framework\\src\\Illuminate\\Foundation\\Http\\Kernel.php(111): Illuminate\\Foundation\\Http\\Kernel->sendRequestThroughRouter(Object(Illuminate\\Http\\Request))
#45 C:\\xampp\\htdocs\\worktech-master\\worktech-master\\public\\index.php(55): Illuminate\\Foundation\\Http\\Kernel->handle(Object(Illuminate\\Http\\Request))
#46 C:\\xampp\\htdocs\\worktech-master\\worktech-master\\server.php(21): require_once('C:\\\\xampp\\\\htdocs...')
#47 {main}
"} 
[2024-11-04 12:47:26] local.ERROR: No application encryption key has been specified. {"exception":"[object] (Illuminate\\Encryption\\MissingAppKeyException(code: 0): No application encryption key has been specified. at C:\\xampp\\htdocs\\worktech-master\\worktech-master\\vendor\\laravel\\framework\\src\\Illuminate\\Encryption\\EncryptionServiceProvider.php:101)
[stacktrace]
#0 C:\\xampp\\htdocs\\worktech-master\\worktech-master\\vendor\\laravel\\framework\\src\\Illuminate\\Support\\helpers.php(263): Illuminate\\Encryption\\EncryptionServiceProvider->Illuminate\\Encryption\\{closure}('')
#1 C:\\xampp\\htdocs\\worktech-master\\worktech-master\\vendor\\laravel\\framework\\src\\Illuminate\\Encryption\\EncryptionServiceProvider.php(103): tap('', Object(Closure))
#2 C:\\xampp\\htdocs\\worktech-master\\worktech-master\\vendor\\laravel\\framework\\src\\Illuminate\\Encryption\\EncryptionServiceProvider.php(82): Illuminate\\Encryption\\EncryptionServiceProvider->key(Array)
#3 C:\\xampp\\htdocs\\worktech-master\\worktech-master\\vendor\\laravel\\framework\\src\\Illuminate\\Encryption\\EncryptionServiceProvider.php(34): Illuminate\\Encryption\\EncryptionServiceProvider->parseKey(Array)
#4 C:\\xampp\\htdocs\\worktech-master\\worktech-master\\vendor\\laravel\\framework\\src\\Illuminate\\Container\\Container.php(873): Illuminate\\Encryption\\EncryptionServiceProvider->Illuminate\\Encryption\\{closure}(Object(Illuminate\\Foundation\\Application), Array)
#5 C:\\xampp\\htdocs\\worktech-master\\worktech-master\\vendor\\laravel\\framework\\src\\Illuminate\\Container\\Container.php(758): Illuminate\\Container\\Container->build(Object(Closure))
#6 C:\\xampp\\htdocs\\worktech-master\\worktech-master\\vendor\\laravel\\framework\\src\\Illuminate\\Foundation\\Application.php(851): Illuminate\\Container\\Container->resolve('encrypter', Array, true)
#7 C:\\xampp\\htdocs\\worktech-master\\worktech-master\\vendor\\laravel\\framework\\src\\Illuminate\\Container\\Container.php(694): Illuminate\\Foundation\\Application->resolve('encrypter', Array)
#8 C:\\xampp\\htdocs\\worktech-master\\worktech-master\\vendor\\laravel\\framework\\src\\Illuminate\\Foundation\\Application.php(836): Illuminate\\Container\\Container->make('encrypter', Array)
#9 C:\\xampp\\htdocs\\worktech-master\\worktech-master\\vendor\\laravel\\framework\\src\\Illuminate\\Container\\Container.php(1027): Illuminate\\Foundation\\Application->make('encrypter')
#10 C:\\xampp\\htdocs\\worktech-master\\worktech-master\\vendor\\laravel\\framework\\src\\Illuminate\\Container\\Container.php(947): Illuminate\\Container\\Container->resolveClass(Object(ReflectionParameter))
#11 C:\\xampp\\htdocs\\worktech-master\\worktech-master\\vendor\\laravel\\framework\\src\\Illuminate\\Container\\Container.php(908): Illuminate\\Container\\Container->resolveDependencies(Array)
#12 C:\\xampp\\htdocs\\worktech-master\\worktech-master\\vendor\\laravel\\framework\\src\\Illuminate\\Container\\Container.php(758): Illuminate\\Container\\Container->build('App\\\\Http\\\\Middle...')
#13 C:\\xampp\\htdocs\\worktech-master\\worktech-master\\vendor\\laravel\\framework\\src\\Illuminate\\Foundation\\Application.php(851): Illuminate\\Container\\Container->resolve('App\\\\Http\\\\Middle...', Array, true)
#14 C:\\xampp\\htdocs\\worktech-master\\worktech-master\\vendor\\laravel\\framework\\src\\Illuminate\\Container\\Container.php(694): Illuminate\\Foundation\\Application->resolve('App\\\\Http\\\\Middle...', Array)
#15 C:\\xampp\\htdocs\\worktech-master\\worktech-master\\vendor\\laravel\\framework\\src\\Illuminate\\Foundation\\Application.php(836): Illuminate\\Container\\Container->make('App\\\\Http\\\\Middle...', Array)
#16 C:\\xampp\\htdocs\\worktech-master\\worktech-master\\vendor\\laravel\\framework\\src\\Illuminate\\Foundation\\Http\\Kernel.php(206): Illuminate\\Foundation\\Application->make('App\\\\Http\\\\Middle...')
#17 C:\\xampp\\htdocs\\worktech-master\\worktech-master\\vendor\\laravel\\framework\\src\\Illuminate\\Foundation\\Http\\Kernel.php(180): Illuminate\\Foundation\\Http\\Kernel->terminateMiddleware(Object(Illuminate\\Http\\Request), Object(Illuminate\\Http\\Response))
#18 C:\\xampp\\htdocs\\worktech-master\\worktech-master\\public\\index.php(60): Illuminate\\Foundation\\Http\\Kernel->terminate(Object(Illuminate\\Http\\Request), Object(Illuminate\\Http\\Response))
#19 C:\\xampp\\htdocs\\worktech-master\\worktech-master\\server.php(21): require_once('C:\\\\xampp\\\\htdocs...')
#20 {main}
"} 
